alert_id,assigned_analyst_id,case_id,case_type,closed_at,closure_reason,disposition,opened_at,remediation_claim,resolution_claim,status
CSE-ALPHA-ALT-Q2-2026-00003,ANALYST-018,CSE-ALPHA-CASE-Q2-2026-00001,Insider Threat Investigation,2026-06-30T22:25:59Z,Confirmed false positive,DUPLICATE,2026-06-29T18:08:48Z,True,False positive confirmed,CLOSED
CSE-ALPHA-ALT-Q2-2026-00004,ANALYST-006,CSE-ALPHA-CASE-Q2-2026-00002,Network Anomaly Investigation,2026-05-01T11:47:42Z,Duplicate of existing case,DUPLICATE,2026-04-30T23:18:12Z,True,No action required,CLOSED
CSE-ALPHA-ALT-Q2-2026-00005,ANALYST-010,CSE-ALPHA-CASE-Q2-2026-00003,Access Investigation,2026-06-22T16:06:34Z,Investigation complete,FALSE_POSITIVE,2026-06-21T09:06:52Z,False,Escalated and closed by higher authority,CLOSED
CSE-ALPHA-ALT-Q2-2026-00020,ANALYST-016,CSE-ALPHA-CASE-Q2-2026-00004,Access Investigation,2026-05-18T18:06:32Z,Risk accepted by asset owner,TRUE_POSITIVE_ACCEPTED_RISK,2026-05-16T09:16:24Z,True,False positive confirmed,CLOSED
CSE-ALPHA-ALT-Q2-2026-00038,ANALYST-014,CSE-ALPHA-CASE-Q2-2026-00005,Access Investigation,2026-05-22T22:06:20Z,Confirmed false positive,TRUE_POSITIVE_REMEDIATED,2026-05-21T06:40:10Z,True,False positive confirmed,RESOLVED
CSE-ALPHA-ALT-Q2-2026-00043,ANALYST-017,CSE-ALPHA-CASE-Q2-2026-00006,Access Investigation,2026-06-10T04:23:40Z,Confirmed false positive,FALSE_POSITIVE,2026-06-10T03:45:40Z,True,False positive confirmed,CLOSED
CSE-ALPHA-ALT-Q2-2026-00044,ANALYST-003,CSE-ALPHA-CASE-Q2-2026-00007,Network Anomaly Investigation,2026-05-26T17:57:43Z,Investigation complete,BENIGN_ACTIVITY,2026-05-25T02:04:32Z,True,No action required,RESOLVED
CSE-ALPHA-ALT-Q2-2026-00058,ANALYST-004,CSE-ALPHA-CASE-Q2-2026-00008,Malware Investigation,2026-06-26T20:56:13Z,Risk accepted by asset owner,TRUE_POSITIVE_REMEDIATED,2026-06-26T20:49:58Z,True,Risk accepted,RESOLVED
CSE-ALPHA-ALT-Q2-2026-00059,ANALYST-009,CSE-ALPHA-CASE-Q2-2026-00009,Network Anomaly Investigation,2026-05-12T00:26:47Z,Risk accepted by asset owner,TRUE_POSITIVE_ACCEPTED_RISK,2026-05-10T04:23:40Z,True,Escalated and closed by higher authority,CLOSED
CSE-ALPHA-ALT-Q2-2026-00060,ANALYST-007,CSE-ALPHA-CASE-Q2-2026-00010,Insider Threat Investigation,2026-05-29T18:28:46Z,Risk accepted by asset owner,DUPLICATE,2026-05-28T13:46:26Z,False,Remediated,CLOSED
CSE-ALPHA-ALT-Q2-2026-00072,ANALYST-013,CSE-ALPHA-CASE-Q2-2026-00011,Phishing Investigation,2026-06-04T15:47:10Z,Risk accepted by asset owner,FALSE_POSITIVE,2026-06-02T04:31:24Z,True,No action required,RESOLVED
CSE-ALPHA-ALT-Q2-2026-00074,ANALYST-018,CSE-ALPHA-CASE-Q2-2026-00012,Access Investigation,2026-06-18T18:56:20Z,Risk accepted by asset owner,BENIGN_ACTIVITY,2026-06-16T09:18:23Z,True,False positive confirmed,RESOLVED
CSE-ALPHA-ALT-Q2-2026-00075,ANALYST-007,CSE-ALPHA-CASE-Q2-2026-00013,Data Loss Investigation,2026-05-09T20:32:42Z,Confirmed false positive,BENIGN_ACTIVITY,2026-05-07T07:14:20Z,True,No action required,CLOSED
CSE-ALPHA-ALT-Q2-2026-00079,ANALYST-005,CSE-ALPHA-CASE-Q2-2026-00014,Access Investigation,2026-04-25T18:14:08Z,Confirmed false positive,FALSE_POSITIVE,2026-04-22T23:40:03Z,True,No action required,RESOLVED
CSE-ALPHA-ALT-Q2-2026-00083,ANALYST-013,CSE-ALPHA-CASE-Q2-2026-00015,Malware Investigation,2026-06-17T10:43:51Z,Confirmed false positive,TRUE_POSITIVE_REMEDIATED,2026-06-15T12:44:39Z,False,Remediated,RESOLVED
CSE-ALPHA-ALT-Q2-2026-00088,ANALYST-017,CSE-ALPHA-CASE-Q2-2026-00016,Malware Investigation,2026-05-31T11:12:18Z,Investigation complete,TRUE_POSITIVE_ACCEPTED_RISK,2026-05-30T07:01:59Z,True,Risk accepted,RESOLVED
CSE-ALPHA-ALT-Q2-2026-00090,ANALYST-009,CSE-ALPHA-CASE-Q2-2026-00017,Data Loss Investigation,2026-05-13T23:23:24Z,Duplicate of existing case,DUPLICATE,2026-05-12T05:20:29Z,False,Remediated,RESOLVED
CSE-ALPHA-ALT-Q2-2026-00093,ANALYST-005,CSE-ALPHA-CASE-Q2-2026-00018,Insider Threat Investigation,2026-05-22T17:36:15Z,Duplicate of existing case,DUPLICATE,2026-05-21T05:57:04Z,True,False positive confirmed,CLOSED
CSE-ALPHA-ALT-Q2-2026-00094,ANALYST-013,CSE-ALPHA-CASE-Q2-2026-00019,Phishing Investigation,2026-05-05T22:04:17Z,Investigation complete,BENIGN_ACTIVITY,2026-05-03T00:34:53Z,True,Remediated,RESOLVED
CSE-ALPHA-ALT-Q2-2026-00098,ANALYST-003,CSE-ALPHA-CASE-Q2-2026-00020,Network Anomaly Investigation,2026-05-27T09:54:09Z,Investigation complete,DUPLICATE,2026-05-25T12:23:55Z,False,Risk accepted,RESOLVED
CSE-ALPHA-ALT-Q2-2026-00099,ANALYST-016,CSE-ALPHA-CASE-Q2-2026-00021,Insider Threat Investigation,2026-04-21T20:32:32Z,Duplicate of existing case,TRUE_POSITIVE_ACCEPTED_RISK,2026-04-20T20:18:01Z,True,Risk accepted,CLOSED
CSE-ALPHA-ALT-Q2-2026-00101,ANALYST-002,CSE-ALPHA-CASE-Q2-2026-00022,Access Investigation,2026-05-23T20:55:20Z,Investigation complete,TRUE_POSITIVE_ACCEPTED_RISK,2026-05-22T10:00:59Z,True,Remediated,CLOSED
CSE-ALPHA-ALT-Q2-2026-00102,ANALYST-003,CSE-ALPHA-CASE-Q2-2026-00023,Phishing Investigation,2026-06-11T10:24:21Z,Duplicate of existing case,BENIGN_ACTIVITY,2026-06-10T11:32:02Z,False,Risk accepted,CLOSED
CSE-ALPHA-ALT-Q2-2026-00104,ANALYST-003,CSE-ALPHA-CASE-Q2-2026-00024,Insider Threat Investigation,2026-05-11T10:59:20Z,Investigation complete,FALSE_POSITIVE,2026-05-10T05:31:07Z,False,False positive confirmed,CLOSED
CSE-ALPHA-ALT-Q2-2026-00105,ANALYST-015,CSE-ALPHA-CASE-Q2-2026-00025,Access Investigation,2026-05-03T17:01:34Z,Risk accepted by asset owner,FALSE_POSITIVE,2026-04-30T11:50:40Z,True,Remediated,RESOLVED
CSE-ALPHA-ALT-Q2-2026-00106,ANALYST-007,CSE-ALPHA-CASE-Q2-2026-00026,Malware Investigation,2026-04-26T14:17:21Z,Confirmed false positive,DUPLICATE,2026-04-24T23:03:00Z,False,Risk accepted,RESOLVED
CSE-ALPHA-ALT-Q2-2026-00107,ANALYST-012,CSE-ALPHA-CASE-Q2-2026-00027,Policy Investigation,2026-05-06T16:09:45Z,Risk accepted by asset owner,TRUE_POSITIVE_REMEDIATED,2026-05-04T00:34:13Z,True,Escalated and closed by higher authority,CLOSED
CSE-ALPHA-ALT-Q2-2026-00108,ANALYST-008,CSE-ALPHA-CASE-Q2-2026-00028,Access Investigation,2026-04-15T21:43:27Z,Confirmed false positive,FALSE_POSITIVE,2026-04-15T21:30:03Z,True,No action required,CLOSED
CSE-ALPHA-ALT-Q2-2026-00115,ANALYST-011,CSE-ALPHA-CASE-Q2-2026-00029,Data Loss Investigation,2026-06-11T13:04:21Z,Duplicate of existing case,FALSE_POSITIVE,2026-06-09T07:18:12Z,True,Escalated and closed by higher authority,RESOLVED
CSE-ALPHA-ALT-Q2-2026-00120,ANALYST-008,CSE-ALPHA-CASE-Q2-2026-00030,Policy Investigation,2026-04-08T18:08:32Z,Duplicate of existing case,BENIGN_ACTIVITY,2026-04-07T20:53:48Z,True,Remediated,CLOSED
CSE-ALPHA-ALT-Q2-2026-00125,ANALYST-004,CSE-ALPHA-CASE-Q2-2026-00031,Network Anomaly Investigation,2026-05-31T17:19:16Z,Duplicate of existing case,FALSE_POSITIVE,2026-05-31T10:48:10Z,True,Remediated,CLOSED
CSE-ALPHA-ALT-Q2-2026-00126,ANALYST-009,CSE-ALPHA-CASE-Q2-2026-00032,Access Investigation,2026-04-15T03:37:18Z,Confirmed false positive,DUPLICATE,2026-04-14T09:37:11Z,True,Risk accepted,RESOLVED
CSE-ALPHA-ALT-Q2-2026-00130,ANALYST-012,CSE-ALPHA-CASE-Q2-2026-00033,Insider Threat Investigation,2026-04-12T08:37:41Z,Confirmed false positive,DUPLICATE,2026-04-09T03:18:14Z,True,Remediated,RESOLVED
CSE-ALPHA-ALT-Q2-2026-00135,ANALYST-008,CSE-ALPHA-CASE-Q2-2026-00034,Access Investigation,2026-05-07T12:45:13Z,Confirmed false positive,DUPLICATE,2026-05-05T10:07:42Z,True,Risk accepted,RESOLVED
CSE-ALPHA-ALT-Q2-2026-00136,ANALYST-011,CSE-ALPHA-CASE-Q2-2026-00035,Malware Investigation,2026-06-15T14:33:42Z,Investigation complete,FALSE_POSITIVE,2026-06-13T02:13:18Z,False,Risk accepted,RESOLVED
CSE-ALPHA-ALT-Q2-2026-00143,ANALYST-004,CSE-ALPHA-CASE-Q2-2026-00036,Data Loss Investigation,2026-05-24T08:36:03Z,Duplicate of existing case,BENIGN_ACTIVITY,2026-05-22T14:51:05Z,False,Risk accepted,CLOSED
CSE-ALPHA-ALT-Q2-2026-00144,ANALYST-017,CSE-ALPHA-CASE-Q2-2026-00037,Access Investigation,2026-05-07T13:16:08Z,Confirmed false positive,DUPLICATE,2026-05-05T01:59:57Z,True,No action required,RESOLVED
CSE-ALPHA-ALT-Q2-2026-00145,ANALYST-017,CSE-ALPHA-CASE-Q2-2026-00038,Access Investigation,2026-06-17T20:49:24Z,Duplicate of existing case,FALSE_POSITIVE,2026-06-17T18:25:01Z,False,False positive confirmed,CLOSED
CSE-ALPHA-ALT-Q2-2026-00151,ANALYST-004,CSE-ALPHA-CASE-Q2-2026-00039,Policy Investigation,2026-06-14T09:59:09Z,Duplicate of existing case,FALSE_POSITIVE,2026-06-12T07:51:35Z,True,Risk accepted,RESOLVED
CSE-ALPHA-ALT-Q2-2026-00163,ANALYST-004,CSE-ALPHA-CASE-Q2-2026-00040,Network Anomaly Investigation,2026-04-07T23:09:10Z,Confirmed false positive,DUPLICATE,2026-04-07T15:02:08Z,True,False positive confirmed,RESOLVED
CSE-ALPHA-ALT-Q2-2026-00164,ANALYST-012,CSE-ALPHA-CASE-Q2-2026-00041,Access Investigation,2026-04-10T18:37:26Z,Risk accepted by asset owner,TRUE_POSITIVE_REMEDIATED,2026-04-09T13:13:50Z,True,Remediated,RESOLVED
CSE-ALPHA-ALT-Q2-2026-00166,ANALYST-009,CSE-ALPHA-CASE-Q2-2026-00042,Access Investigation,2026-05-09T19:26:02Z,Risk accepted by asset owner,BENIGN_ACTIVITY,2026-05-08T07:01:22Z,True,Risk accepted,CLOSED
CSE-ALPHA-ALT-Q2-2026-00173,ANALYST-015,CSE-ALPHA-CASE-Q2-2026-00043,Access Investigation,2026-05-02T14:40:08Z,Confirmed false positive,BENIGN_ACTIVITY,2026-05-01T21:42:54Z,True,False positive confirmed,RESOLVED
CSE-ALPHA-ALT-Q2-2026-00174,ANALYST-001,CSE-ALPHA-CASE-Q2-2026-00044,Access Investigation,2026-05-12T12:43:02Z,Confirmed false positive,BENIGN_ACTIVITY,2026-05-09T13:23:41Z,True,False positive confirmed,RESOLVED
CSE-ALPHA-ALT-Q2-2026-00176,ANALYST-015,CSE-ALPHA-CASE-Q2-2026-00045,Data Loss Investigation,2026-06-13T20:35:25Z,Risk accepted by asset owner,TRUE_POSITIVE_REMEDIATED,2026-06-11T12:51:05Z,True,Risk accepted,CLOSED
CSE-ALPHA-ALT-Q2-2026-00178,ANALYST-004,CSE-ALPHA-CASE-Q2-2026-00046,Access Investigation,2026-06-18T20:29:07Z,Risk accepted by asset owner,TRUE_POSITIVE_REMEDIATED,2026-06-17T15:23:03Z,True,Risk accepted,RESOLVED
CSE-ALPHA-ALT-Q2-2026-00180,ANALYST-017,CSE-ALPHA-CASE-Q2-2026-00047,Malware Investigation,2026-05-07T13:48:42Z,Confirmed false positive,FALSE_POSITIVE,2026-05-05T09:21:23Z,True,Escalated and closed by higher authority,CLOSED
CSE-ALPHA-ALT-Q2-2026-00183,ANALYST-009,CSE-ALPHA-CASE-Q2-2026-00048,Network Anomaly Investigation,2026-04-04T13:13:44Z,Investigation complete,DUPLICATE,2026-04-03T11:01:01Z,True,Remediated,RESOLVED
CSE-ALPHA-ALT-Q2-2026-00184,ANALYST-004,CSE-ALPHA-CASE-Q2-2026-00049,Data Loss Investigation,2026-06-30T23:52:33Z,Confirmed false positive,TRUE_POSITIVE_ACCEPTED_RISK,2026-06-29T20:15:42Z,False,Risk accepted,CLOSED
CSE-ALPHA-ALT-Q2-2026-00189,ANALYST-001,CSE-ALPHA-CASE-Q2-2026-00050,Access Investigation,2026-04-19T11:14:35Z,Investigation complete,DUPLICATE,2026-04-19T00:58:22Z,True,False positive confirmed,RESOLVED
CSE-ALPHA-ALT-Q2-2026-00195,ANALYST-001,CSE-ALPHA-CASE-Q2-2026-00051,Malware Investigation,2026-06-18T03:51:58Z,Confirmed false positive,TRUE_POSITIVE_ACCEPTED_RISK,2026-06-17T07:06:18Z,True,Remediated,RESOLVED
CSE-ALPHA-ALT-Q2-2026-00202,ANALYST-013,CSE-ALPHA-CASE-Q2-2026-00052,Access Investigation,2026-04-15T14:03:13Z,Duplicate of existing case,TRUE_POSITIVE_REMEDIATED,2026-04-15T04:52:54Z,True,Escalated and closed by higher authority,RESOLVED
CSE-ALPHA-ALT-Q2-2026-00203,ANALYST-005,CSE-ALPHA-CASE-Q2-2026-00053,Data Loss Investigation,2026-04-17T11:54:01Z,Investigation complete,BENIGN_ACTIVITY,2026-04-14T13:27:46Z,True,Escalated and closed by higher authority,CLOSED
CSE-ALPHA-ALT-Q2-2026-00207,ANALYST-015,CSE-ALPHA-CASE-Q2-2026-00054,Policy Investigation,2026-04-13T02:45:33Z,Risk accepted by asset owner,BENIGN_ACTIVITY,2026-04-10T07:16:40Z,False,False positive confirmed,RESOLVED
CSE-ALPHA-ALT-Q2-2026-00210,ANALYST-016,CSE-ALPHA-CASE-Q2-2026-00055,Access Investigation,2026-04-03T19:56:37Z,Investigation complete,FALSE_POSITIVE,2026-04-01T12:38:02Z,True,Risk accepted,CLOSED
