asset_id,asset_type,business_unit,criticality,monitoring_expected,monitoring_scope,status
CSE-DELTA-AST-0001,Cloud Workload,Field Operations,HIGH,True,Network-only,MAINTENANCE
CSE-DELTA-AST-0002,Database,Field Operations,CRITICAL,True,Log-only,ACTIVE
CSE-DELTA-AST-0003,IoT/OT Device,Remote Sites,HIGH,True,Endpoint-only,ACTIVE
CSE-DELTA-AST-0004,IoT/OT Device,Corporate IT,LOW,True,Log-only,ACTIVE
CSE-DELTA-AST-0005,IoT/OT Device,Remote Sites,CRITICAL,True,Log-only,ACTIVE
CSE-DELTA-AST-0006,Network Device,Data Center,HIGH,True,Log-only,ACTIVE
CSE-DELTA-AST-0007,Network Device,Field Operations,LOW,True,Network-only,ACTIVE
CSE-DELTA-AST-0008,Database,Data Center,CRITICAL,True,Network-only,ACTIVE
CSE-DELTA-AST-0009,Server,Customer Systems,LOW,True,Network-only,ACTIVE
CSE-DELTA-AST-0010,Server,Customer Systems,HIGH,True,Log-only,ACTIVE
CSE-DELTA-AST-0011,Server,Field Operations,HIGH,True,Log-only,ACTIVE
CSE-DELTA-AST-0012,Cloud Workload,OT Operations,HIGH,True,Network-only,ACTIVE
CSE-DELTA-AST-0013,Cloud Workload,OT Operations,LOW,True,Log-only,RETIRED
CSE-DELTA-AST-0014,IoT/OT Device,Field Operations,LOW,True,Full telemetry,ACTIVE
CSE-DELTA-AST-0015,Database,Corporate IT,LOW,True,Network-only,ACTIVE
CSE-DELTA-AST-0016,Server,Customer Systems,HIGH,True,Network-only,MAINTENANCE
CSE-DELTA-AST-0017,Cloud Workload,Corporate IT,HIGH,True,Endpoint-only,ACTIVE
CSE-DELTA-AST-0018,IoT/OT Device,Customer Systems,MEDIUM,True,Network-only,ACTIVE
CSE-DELTA-AST-0019,Endpoint,Remote Sites,CRITICAL,True,Full telemetry,ACTIVE
CSE-DELTA-AST-0020,Cloud Workload,OT Operations,LOW,True,Log-only,ACTIVE
CSE-DELTA-AST-0021,IoT/OT Device,Corporate IT,MEDIUM,True,Full telemetry,ACTIVE
CSE-DELTA-AST-0022,Endpoint,Data Center,CRITICAL,True,Network-only,ACTIVE
CSE-DELTA-AST-0023,Network Device,Remote Sites,HIGH,True,Log-only,ACTIVE
CSE-DELTA-AST-0024,Server,Field Operations,HIGH,True,Full telemetry,ACTIVE
CSE-DELTA-AST-0025,Server,Remote Sites,MEDIUM,False,Network-only,ACTIVE
CSE-DELTA-AST-0026,Database,Field Operations,LOW,True,Endpoint-only,MAINTENANCE
CSE-DELTA-AST-0027,Database,Customer Systems,MEDIUM,True,Full telemetry,ACTIVE
CSE-DELTA-AST-0028,IoT/OT Device,Remote Sites,CRITICAL,True,Endpoint-only,ACTIVE
CSE-DELTA-AST-0029,Application,Field Operations,MEDIUM,True,Network-only,ACTIVE
CSE-DELTA-AST-0030,Network Device,Field Operations,MEDIUM,True,Full telemetry,ACTIVE
CSE-DELTA-AST-0031,Application,Data Center,MEDIUM,True,Network-only,ACTIVE
CSE-DELTA-AST-0032,Cloud Workload,Field Operations,MEDIUM,True,Network-only,ACTIVE
CSE-DELTA-AST-0033,Cloud Workload,Customer Systems,CRITICAL,True,Endpoint-only,ACTIVE
CSE-DELTA-AST-0034,Server,OT Operations,MEDIUM,True,Full telemetry,ACTIVE
CSE-DELTA-AST-0035,Database,Remote Sites,LOW,True,Network-only,ACTIVE
CSE-DELTA-AST-0036,Network Device,Customer Systems,LOW,True,Endpoint-only,ACTIVE
CSE-DELTA-AST-0037,Network Device,Corporate IT,MEDIUM,True,Log-only,ACTIVE
CSE-DELTA-AST-0038,IoT/OT Device,Remote Sites,LOW,True,Full telemetry,ACTIVE
CSE-DELTA-AST-0039,Database,Customer Systems,MEDIUM,True,Network-only,ACTIVE
CSE-DELTA-AST-0040,Endpoint,Corporate IT,LOW,True,Log-only,ACTIVE
CSE-DELTA-AST-0041,Network Device,Remote Sites,HIGH,True,Log-only,ACTIVE
CSE-DELTA-AST-0042,IoT/OT Device,OT Operations,CRITICAL,True,Log-only,ACTIVE
CSE-DELTA-AST-0043,IoT/OT Device,Customer Systems,LOW,True,Log-only,ACTIVE
CSE-DELTA-AST-0044,Server,Remote Sites,CRITICAL,True,Network-only,ACTIVE
CSE-DELTA-AST-0045,Database,Field Operations,MEDIUM,True,Network-only,ACTIVE
CSE-DELTA-AST-0046,Cloud Workload,Data Center,LOW,True,Log-only,ACTIVE
CSE-DELTA-AST-0047,Application,Field Operations,CRITICAL,True,Full telemetry,ACTIVE
CSE-DELTA-AST-0048,Network Device,Field Operations,CRITICAL,True,Full telemetry,ACTIVE
