alert_id,alert_type,asset_id,case_id,created_at,false_positive_flag,priority,severity,source_system,status
CSE-BRAVO-ALT-Q2-2026-00001,Privilege Escalation,CSE-BRAVO-AST-0076,,2026-05-10T20:42:32Z,False,3,MEDIUM,Firewall-Log,OPEN
CSE-BRAVO-ALT-Q2-2026-00002,Malware,CSE-BRAVO-AST-0071,CSE-BRAVO-CASE-Q2-2026-00001,2026-04-06T18:11:01Z,False,1,CRITICAL,EDR-Sentinel,CLOSED
CSE-BRAVO-ALT-Q2-2026-00003,Unauthorized Access,CSE-BRAVO-AST-0063,,2026-04-02T13:30:21Z,True,4,LOW,OT-Historian-Watch,CLOSED
CSE-BRAVO-ALT-Q2-2026-00004,Anomalous Login,CSE-BRAVO-AST-0064,CSE-BRAVO-CASE-Q2-2026-00002,2026-04-19T07:26:20Z,False,3,MEDIUM,Firewall-Log,CLOSED
CSE-BRAVO-ALT-Q2-2026-00005,Phishing,CSE-BRAVO-AST-0073,,2026-04-28T14:37:04Z,False,4,LOW,IAM-Monitor,CLOSED
CSE-BRAVO-ALT-Q2-2026-00006,Unauthorized Access,CSE-BRAVO-AST-0024,,2026-04-14T18:25:38Z,False,4,LOW,Firewall-Log,IN_PROGRESS
CSE-BRAVO-ALT-Q2-2026-00007,Malware,CSE-BRAVO-AST-0030,CSE-BRAVO-CASE-Q2-2026-00003,2026-06-26T15:05:24Z,False,1,CRITICAL,SIEM-Core,CLOSED
CSE-BRAVO-ALT-Q2-2026-00008,DDoS,CSE-BRAVO-AST-0039,,2026-04-26T03:42:10Z,False,5,INFORMATIONAL,Cloud-Sec-Posture,IN_PROGRESS
CSE-BRAVO-ALT-Q2-2026-00009,Policy Violation,CSE-BRAVO-AST-0072,,2026-06-09T16:46:53Z,False,5,INFORMATIONAL,IAM-Monitor,CLOSED
CSE-BRAVO-ALT-Q2-2026-00010,Brute Force,CSE-BRAVO-AST-0018,,2026-05-27T09:41:33Z,False,3,MEDIUM,NIDS-Perimeter,CLOSED
CSE-BRAVO-ALT-Q2-2026-00011,Privilege Escalation,CSE-BRAVO-AST-0061,CSE-BRAVO-CASE-Q2-2026-00004,2026-04-29T14:24:27Z,False,3,MEDIUM,Firewall-Log,CLOSED
CSE-BRAVO-ALT-Q2-2026-00012,Brute Force,CSE-BRAVO-AST-0074,,2026-06-30T02:57:38Z,False,4,LOW,Firewall-Log,CLOSED
CSE-BRAVO-ALT-Q2-2026-00013,Ransomware Indicator,CSE-BRAVO-AST-0043,,2026-05-15T05:56:36Z,False,1,CRITICAL,IAM-Monitor,OPEN
CSE-BRAVO-ALT-Q2-2026-00014,Insider Threat Indicator,CSE-BRAVO-AST-0023,,2026-06-16T02:44:01Z,False,4,LOW,OT-Historian-Watch,OPEN
CSE-BRAVO-ALT-Q2-2026-00015,Phishing,CSE-BRAVO-AST-0032,,2026-05-23T20:57:39Z,False,5,INFORMATIONAL,NIDS-Perimeter,CLOSED
CSE-BRAVO-ALT-Q2-2026-00016,Data Exfiltration Attempt,CSE-BRAVO-AST-0067,,2026-05-09T11:45:32Z,False,1,CRITICAL,SIEM-Core,CLOSED
CSE-BRAVO-ALT-Q2-2026-00017,Unauthorized Access,CSE-BRAVO-AST-0034,,2026-04-04T01:46:22Z,False,4,LOW,OT-Historian-Watch,CLOSED
CSE-BRAVO-ALT-Q2-2026-00018,Malware,CSE-BRAVO-AST-0066,,2026-06-23T14:05:28Z,False,5,INFORMATIONAL,SIEM-Core,CLOSED
CSE-BRAVO-ALT-Q2-2026-00019,Anomalous Login,CSE-BRAVO-AST-0054,,2026-05-31T17:48:58Z,False,1,CRITICAL,Cloud-Sec-Posture,IN_PROGRESS
CSE-BRAVO-ALT-Q2-2026-00020,Suspicious Network Traffic,CSE-BRAVO-AST-0071,,2026-06-08T11:59:37Z,False,3,MEDIUM,SIEM-Core,CLOSED
CSE-BRAVO-ALT-Q2-2026-00021,Malware,CSE-BRAVO-AST-0008,CSE-BRAVO-CASE-Q2-2026-00005,2026-05-24T12:07:18Z,False,1,CRITICAL,EDR-Sentinel,CLOSED
CSE-BRAVO-ALT-Q2-2026-00022,DDoS,CSE-BRAVO-AST-0074,,2026-05-05T07:34:55Z,False,3,MEDIUM,NIDS-Perimeter,CLOSED
CSE-BRAVO-ALT-Q2-2026-00023,Malware,CSE-BRAVO-AST-0054,,2026-04-09T07:01:30Z,False,3,MEDIUM,IAM-Monitor,IN_PROGRESS
CSE-BRAVO-ALT-Q2-2026-00024,Brute Force,CSE-BRAVO-AST-0030,CSE-BRAVO-CASE-Q2-2026-00006,2026-04-04T16:22:10Z,False,1,CRITICAL,IAM-Monitor,CLOSED
CSE-BRAVO-ALT-Q2-2026-00025,Malware,CSE-BRAVO-AST-0032,,2026-04-19T07:28:45Z,True,5,INFORMATIONAL,IAM-Monitor,CLOSED
CSE-BRAVO-ALT-Q2-2026-00026,Suspicious Network Traffic,CSE-BRAVO-AST-0018,CSE-BRAVO-CASE-Q2-2026-00007,2026-04-06T21:45:16Z,False,4,LOW,OT-Historian-Watch,CLOSED
CSE-BRAVO-ALT-Q2-2026-00027,Phishing,CSE-BRAVO-AST-0061,CSE-BRAVO-CASE-Q2-2026-00008,2026-05-29T17:36:56Z,False,3,MEDIUM,OT-Historian-Watch,CLOSED
CSE-BRAVO-ALT-Q2-2026-00028,Ransomware Indicator,CSE-BRAVO-AST-0073,,2026-06-19T06:59:10Z,False,4,LOW,NIDS-Perimeter,CLOSED
CSE-BRAVO-ALT-Q2-2026-00029,Suspicious Network Traffic,CSE-BRAVO-AST-0071,CSE-BRAVO-CASE-Q2-2026-00009,2026-04-19T02:09:00Z,False,2,HIGH,EDR-Sentinel,CLOSED
CSE-BRAVO-ALT-Q2-2026-00030,Unauthorized Access,CSE-BRAVO-AST-0006,,2026-05-17T20:13:10Z,False,5,INFORMATIONAL,SIEM-Core,CLOSED
CSE-BRAVO-ALT-Q2-2026-00031,Phishing,CSE-BRAVO-AST-0036,,2026-04-10T07:02:29Z,False,3,MEDIUM,OT-Historian-Watch,CLOSED
CSE-BRAVO-ALT-Q2-2026-00032,Unauthorized Access,CSE-BRAVO-AST-0026,,2026-04-13T02:13:59Z,False,2,HIGH,EDR-Sentinel,IN_PROGRESS
CSE-BRAVO-ALT-Q2-2026-00033,Ransomware Indicator,CSE-BRAVO-AST-0053,,2026-04-14T23:30:54Z,True,5,INFORMATIONAL,OT-Historian-Watch,CLOSED
CSE-BRAVO-ALT-Q2-2026-00034,Brute Force,CSE-BRAVO-AST-0008,,2026-06-14T13:32:09Z,True,1,CRITICAL,IAM-Monitor,OPEN
CSE-BRAVO-ALT-Q2-2026-00035,Privilege Escalation,CSE-BRAVO-AST-0060,,2026-06-15T17:27:53Z,False,5,INFORMATIONAL,SIEM-Core,CLOSED
CSE-BRAVO-ALT-Q2-2026-00036,Suspicious Network Traffic,CSE-BRAVO-AST-0051,,2026-04-02T07:33:45Z,False,2,HIGH,Firewall-Log,IN_PROGRESS
CSE-BRAVO-ALT-Q2-2026-00037,Data Exfiltration Attempt,CSE-BRAVO-AST-0011,,2026-05-20T10:15:33Z,False,3,MEDIUM,NIDS-Perimeter,CLOSED
CSE-BRAVO-ALT-Q2-2026-00038,DDoS,CSE-BRAVO-AST-0040,,2026-04-23T22:12:29Z,False,3,MEDIUM,OT-Historian-Watch,OPEN
CSE-BRAVO-ALT-Q2-2026-00039,Unauthorized Access,CSE-BRAVO-AST-0022,,2026-06-07T08:58:43Z,False,5,INFORMATIONAL,Firewall-Log,CLOSED
CSE-BRAVO-ALT-Q2-2026-00040,Ransomware Indicator,CSE-BRAVO-AST-0040,,2026-06-22T23:16:16Z,False,3,MEDIUM,NIDS-Perimeter,OPEN
CSE-BRAVO-ALT-Q2-2026-00041,DDoS,CSE-BRAVO-AST-0007,CSE-BRAVO-CASE-Q2-2026-00010,2026-04-11T02:29:09Z,False,2,HIGH,Cloud-Sec-Posture,CLOSED
CSE-BRAVO-ALT-Q2-2026-00042,Policy Violation,CSE-BRAVO-AST-0042,,2026-06-29T06:47:07Z,False,2,HIGH,OT-Historian-Watch,CLOSED
CSE-BRAVO-ALT-Q2-2026-00043,DDoS,CSE-BRAVO-AST-0060,CSE-BRAVO-CASE-Q2-2026-00011,2026-06-15T22:20:11Z,False,3,MEDIUM,NIDS-Perimeter,CLOSED
CSE-BRAVO-ALT-Q2-2026-00044,Phishing,CSE-BRAVO-AST-0034,,2026-04-15T19:13:40Z,True,4,LOW,SIEM-Core,OPEN
CSE-BRAVO-ALT-Q2-2026-00045,Data Exfiltration Attempt,CSE-BRAVO-AST-0067,,2026-06-12T04:28:46Z,False,1,CRITICAL,IAM-Monitor,IN_PROGRESS
CSE-BRAVO-ALT-Q2-2026-00046,Ransomware Indicator,CSE-BRAVO-AST-0054,CSE-BRAVO-CASE-Q2-2026-00012,2026-05-29T02:59:43Z,False,3,MEDIUM,OT-Historian-Watch,CLOSED
CSE-BRAVO-ALT-Q2-2026-00047,Privilege Escalation,CSE-BRAVO-AST-0055,,2026-05-03T21:51:59Z,False,3,MEDIUM,Cloud-Sec-Posture,OPEN
CSE-BRAVO-ALT-Q2-2026-00048,Data Exfiltration Attempt,CSE-BRAVO-AST-0041,,2026-06-19T03:46:07Z,False,4,LOW,Firewall-Log,CLOSED
CSE-BRAVO-ALT-Q2-2026-00049,Malware,CSE-BRAVO-AST-0059,CSE-BRAVO-CASE-Q2-2026-00013,2026-06-29T17:07:12Z,False,2,HIGH,Cloud-Sec-Posture,CLOSED
CSE-BRAVO-ALT-Q2-2026-00050,Malware,CSE-BRAVO-AST-0012,CSE-BRAVO-CASE-Q2-2026-00014,2026-05-26T17:10:40Z,False,1,CRITICAL,IAM-Monitor,CLOSED
CSE-BRAVO-ALT-Q2-2026-00051,Suspicious Network Traffic,CSE-BRAVO-AST-0001,CSE-BRAVO-CASE-Q2-2026-00015,2026-04-07T21:43:31Z,False,2,HIGH,OT-Historian-Watch,CLOSED
CSE-BRAVO-ALT-Q2-2026-00052,Data Exfiltration Attempt,CSE-BRAVO-AST-0056,CSE-BRAVO-CASE-Q2-2026-00016,2026-04-09T19:52:04Z,False,3,MEDIUM,Firewall-Log,CLOSED
CSE-BRAVO-ALT-Q2-2026-00053,Policy Violation,CSE-BRAVO-AST-0046,,2026-05-04T04:13:44Z,False,4,LOW,NIDS-Perimeter,IN_PROGRESS
CSE-BRAVO-ALT-Q2-2026-00054,DDoS,CSE-BRAVO-AST-0006,,2026-04-20T04:29:14Z,False,3,MEDIUM,Cloud-Sec-Posture,CLOSED
CSE-BRAVO-ALT-Q2-2026-00055,DDoS,CSE-BRAVO-AST-0044,CSE-BRAVO-CASE-Q2-2026-00017,2026-06-15T05:24:04Z,False,3,MEDIUM,IAM-Monitor,CLOSED
CSE-BRAVO-ALT-Q2-2026-00056,Malware,CSE-BRAVO-AST-0020,CSE-BRAVO-CASE-Q2-2026-00018,2026-05-09T09:30:43Z,False,3,MEDIUM,SIEM-Core,CLOSED
CSE-BRAVO-ALT-Q2-2026-00057,Anomalous Login,CSE-BRAVO-AST-0026,,2026-05-10T17:43:29Z,False,4,LOW,Firewall-Log,CLOSED
CSE-BRAVO-ALT-Q2-2026-00058,Privilege Escalation,CSE-BRAVO-AST-0022,,2026-05-29T05:40:39Z,False,5,INFORMATIONAL,NIDS-Perimeter,CLOSED
CSE-BRAVO-ALT-Q2-2026-00059,Policy Violation,CSE-BRAVO-AST-0048,CSE-BRAVO-CASE-Q2-2026-00019,2026-05-12T18:13:44Z,False,3,MEDIUM,NIDS-Perimeter,CLOSED
CSE-BRAVO-ALT-Q2-2026-00060,Unauthorized Access,CSE-BRAVO-AST-0077,CSE-BRAVO-CASE-Q2-2026-00020,2026-05-20T16:17:34Z,False,2,HIGH,IAM-Monitor,CLOSED
CSE-BRAVO-ALT-Q2-2026-00061,Policy Violation,CSE-BRAVO-AST-0002,,2026-04-03T16:17:50Z,True,3,MEDIUM,Cloud-Sec-Posture,CLOSED
CSE-BRAVO-ALT-Q2-2026-00062,Phishing,CSE-BRAVO-AST-0033,CSE-BRAVO-CASE-Q2-2026-00021,2026-05-31T08:39:38Z,False,3,MEDIUM,IAM-Monitor,CLOSED
CSE-BRAVO-ALT-Q2-2026-00063,Data Exfiltration Attempt,CSE-BRAVO-AST-0046,,2026-04-23T14:20:23Z,False,4,LOW,Cloud-Sec-Posture,CLOSED
CSE-BRAVO-ALT-Q2-2026-00064,Ransomware Indicator,CSE-BRAVO-AST-0031,,2026-04-04T05:57:14Z,False,4,LOW,Cloud-Sec-Posture,CLOSED
CSE-BRAVO-ALT-Q2-2026-00065,Malware,CSE-BRAVO-AST-0057,,2026-06-22T09:05:24Z,False,4,LOW,Cloud-Sec-Posture,CLOSED
CSE-BRAVO-ALT-Q2-2026-00066,Phishing,CSE-BRAVO-AST-0023,,2026-04-16T23:35:04Z,False,4,LOW,NIDS-Perimeter,CLOSED
CSE-BRAVO-ALT-Q2-2026-00067,Malware,CSE-BRAVO-AST-0002,,2026-05-09T22:49:58Z,False,2,HIGH,Firewall-Log,CLOSED
CSE-BRAVO-ALT-Q2-2026-00068,Brute Force,CSE-BRAVO-AST-0012,,2026-06-28T00:55:36Z,False,2,HIGH,Cloud-Sec-Posture,CLOSED
CSE-BRAVO-ALT-Q2-2026-00069,Privilege Escalation,CSE-BRAVO-AST-0038,,2026-06-23T19:14:51Z,False,4,LOW,Cloud-Sec-Posture,IN_PROGRESS
CSE-BRAVO-ALT-Q2-2026-00070,Insider Threat Indicator,CSE-BRAVO-AST-0019,,2026-06-24T13:52:01Z,False,5,INFORMATIONAL,NIDS-Perimeter,IN_PROGRESS
CSE-BRAVO-ALT-Q2-2026-00071,Anomalous Login,CSE-BRAVO-AST-0073,,2026-05-28T11:17:09Z,False,5,INFORMATIONAL,Cloud-Sec-Posture,IN_PROGRESS
CSE-BRAVO-ALT-Q2-2026-00072,DDoS,CSE-BRAVO-AST-0071,,2026-05-03T22:49:17Z,False,2,HIGH,Cloud-Sec-Posture,CLOSED
CSE-BRAVO-ALT-Q2-2026-00073,DDoS,CSE-BRAVO-AST-0054,CSE-BRAVO-CASE-Q2-2026-00022,2026-05-16T17:59:11Z,False,2,HIGH,NIDS-Perimeter,CLOSED
CSE-BRAVO-ALT-Q2-2026-00074,Brute Force,CSE-BRAVO-AST-0001,,2026-04-24T14:57:00Z,False,1,CRITICAL,SIEM-Core,OPEN
CSE-BRAVO-ALT-Q2-2026-00075,Brute Force,CSE-BRAVO-AST-0033,,2026-05-18T09:04:00Z,False,4,LOW,IAM-Monitor,IN_PROGRESS
CSE-BRAVO-ALT-Q2-2026-00076,Unauthorized Access,CSE-BRAVO-AST-0014,,2026-06-25T04:55:40Z,False,5,INFORMATIONAL,Firewall-Log,CLOSED
CSE-BRAVO-ALT-Q2-2026-00077,Policy Violation,CSE-BRAVO-AST-0070,,2026-05-19T13:02:29Z,False,3,MEDIUM,IAM-Monitor,CLOSED
CSE-BRAVO-ALT-Q2-2026-00078,Malware,CSE-BRAVO-AST-0011,,2026-06-01T08:08:15Z,False,5,INFORMATIONAL,Cloud-Sec-Posture,CLOSED
CSE-BRAVO-ALT-Q2-2026-00079,Brute Force,CSE-BRAVO-AST-0058,CSE-BRAVO-CASE-Q2-2026-00023,2026-05-20T15:57:45Z,False,3,MEDIUM,EDR-Sentinel,CLOSED
CSE-BRAVO-ALT-Q2-2026-00080,Privilege Escalation,CSE-BRAVO-AST-0073,,2026-05-03T00:59:30Z,False,4,LOW,EDR-Sentinel,IN_PROGRESS
CSE-BRAVO-ALT-Q2-2026-00081,Ransomware Indicator,CSE-BRAVO-AST-0047,,2026-04-13T20:49:17Z,True,4,LOW,NIDS-Perimeter,CLOSED
CSE-BRAVO-ALT-Q2-2026-00082,Ransomware Indicator,CSE-BRAVO-AST-0035,,2026-04-02T00:15:58Z,False,1,CRITICAL,NIDS-Perimeter,IN_PROGRESS
CSE-BRAVO-ALT-Q2-2026-00083,Privilege Escalation,CSE-BRAVO-AST-0065,,2026-05-26T07:58:22Z,False,4,LOW,NIDS-Perimeter,OPEN
CSE-BRAVO-ALT-Q2-2026-00084,Brute Force,CSE-BRAVO-AST-0044,,2026-06-15T11:34:18Z,False,5,INFORMATIONAL,Firewall-Log,IN_PROGRESS
CSE-BRAVO-ALT-Q2-2026-00085,Ransomware Indicator,CSE-BRAVO-AST-0049,,2026-04-13T03:19:39Z,False,4,LOW,Cloud-Sec-Posture,CLOSED
CSE-BRAVO-ALT-Q2-2026-00086,Brute Force,CSE-BRAVO-AST-0004,,2026-04-19T04:43:24Z,False,5,INFORMATIONAL,SIEM-Core,CLOSED
CSE-BRAVO-ALT-Q2-2026-00087,DDoS,CSE-BRAVO-AST-0049,,2026-04-29T10:19:02Z,True,5,INFORMATIONAL,Cloud-Sec-Posture,IN_PROGRESS
CSE-BRAVO-ALT-Q2-2026-00088,Brute Force,CSE-BRAVO-AST-0070,CSE-BRAVO-CASE-Q2-2026-00024,2026-05-15T14:58:18Z,False,4,LOW,IAM-Monitor,CLOSED
CSE-BRAVO-ALT-Q2-2026-00089,Brute Force,CSE-BRAVO-AST-0068,CSE-BRAVO-CASE-Q2-2026-00025,2026-05-20T07:13:05Z,False,3,MEDIUM,Firewall-Log,CLOSED
CSE-BRAVO-ALT-Q2-2026-00090,Anomalous Login,CSE-BRAVO-AST-0062,,2026-04-19T01:53:14Z,True,3,MEDIUM,Cloud-Sec-Posture,OPEN
CSE-BRAVO-ALT-Q2-2026-00091,Policy Violation,CSE-BRAVO-AST-0042,CSE-BRAVO-CASE-Q2-2026-00026,2026-06-05T13:57:48Z,False,2,HIGH,EDR-Sentinel,CLOSED
CSE-BRAVO-ALT-Q2-2026-00092,Insider Threat Indicator,CSE-BRAVO-AST-0055,,2026-06-21T11:56:44Z,False,4,LOW,SIEM-Core,IN_PROGRESS
CSE-BRAVO-ALT-Q2-2026-00093,Policy Violation,CSE-BRAVO-AST-0063,,2026-06-26T12:36:33Z,False,5,INFORMATIONAL,OT-Historian-Watch,CLOSED
CSE-BRAVO-ALT-Q2-2026-00094,Suspicious Network Traffic,CSE-BRAVO-AST-0071,,2026-04-02T17:42:13Z,False,2,HIGH,IAM-Monitor,IN_PROGRESS
CSE-BRAVO-ALT-Q2-2026-00095,Anomalous Login,CSE-BRAVO-AST-0022,CSE-BRAVO-CASE-Q2-2026-00027,2026-05-31T05:32:58Z,False,1,CRITICAL,Firewall-Log,CLOSED
CSE-BRAVO-ALT-Q2-2026-00096,Suspicious Network Traffic,CSE-BRAVO-AST-0026,CSE-BRAVO-CASE-Q2-2026-00028,2026-06-03T12:40:04Z,False,3,MEDIUM,Firewall-Log,CLOSED
CSE-BRAVO-ALT-Q2-2026-00097,Brute Force,CSE-BRAVO-AST-0004,,2026-05-20T07:05:10Z,False,4,LOW,Firewall-Log,CLOSED
CSE-BRAVO-ALT-Q2-2026-00098,Data Exfiltration Attempt,CSE-BRAVO-AST-0059,,2026-05-16T22:36:02Z,True,5,INFORMATIONAL,NIDS-Perimeter,CLOSED
CSE-BRAVO-ALT-Q2-2026-00099,Phishing,CSE-BRAVO-AST-0038,,2026-05-25T23:12:56Z,True,4,LOW,SIEM-Core,IN_PROGRESS
CSE-BRAVO-ALT-Q2-2026-00100,Privilege Escalation,CSE-BRAVO-AST-0028,,2026-06-22T11:39:55Z,False,5,INFORMATIONAL,NIDS-Perimeter,IN_PROGRESS
CSE-BRAVO-ALT-Q2-2026-00101,Privilege Escalation,CSE-BRAVO-AST-0057,,2026-05-02T22:38:56Z,False,5,INFORMATIONAL,IAM-Monitor,CLOSED
CSE-BRAVO-ALT-Q2-2026-00102,Policy Violation,CSE-BRAVO-AST-0013,,2026-05-06T07:28:41Z,False,4,LOW,EDR-Sentinel,IN_PROGRESS
CSE-BRAVO-ALT-Q2-2026-00103,Anomalous Login,CSE-BRAVO-AST-0020,,2026-05-14T01:43:30Z,True,5,INFORMATIONAL,Firewall-Log,CLOSED
CSE-BRAVO-ALT-Q2-2026-00104,DDoS,CSE-BRAVO-AST-0053,,2026-06-04T09:06:14Z,False,3,MEDIUM,Firewall-Log,OPEN
CSE-BRAVO-ALT-Q2-2026-00105,Malware,CSE-BRAVO-AST-0068,,2026-04-15T14:51:34Z,True,4,LOW,Firewall-Log,IN_PROGRESS
CSE-BRAVO-ALT-Q2-2026-00106,Phishing,CSE-BRAVO-AST-0048,CSE-BRAVO-CASE-Q2-2026-00029,2026-05-11T05:07:18Z,False,3,MEDIUM,Firewall-Log,CLOSED
CSE-BRAVO-ALT-Q2-2026-00107,Suspicious Network Traffic,CSE-BRAVO-AST-0058,CSE-BRAVO-CASE-Q2-2026-00030,2026-06-11T00:25:14Z,False,4,LOW,NIDS-Perimeter,CLOSED
CSE-BRAVO-ALT-Q2-2026-00108,Unauthorized Access,CSE-BRAVO-AST-0001,,2026-05-09T08:18:40Z,False,1,CRITICAL,IAM-Monitor,CLOSED
CSE-BRAVO-ALT-Q2-2026-00109,Data Exfiltration Attempt,CSE-BRAVO-AST-0027,CSE-BRAVO-CASE-Q2-2026-00031,2026-06-17T10:17:39Z,False,3,MEDIUM,Firewall-Log,CLOSED
CSE-BRAVO-ALT-Q2-2026-00110,Malware,CSE-BRAVO-AST-0065,,2026-04-04T03:48:44Z,False,3,MEDIUM,NIDS-Perimeter,CLOSED
CSE-BRAVO-ALT-Q2-2026-00111,Anomalous Login,CSE-BRAVO-AST-0014,CSE-BRAVO-CASE-Q2-2026-00032,2026-06-09T17:25:21Z,False,1,CRITICAL,Firewall-Log,CLOSED
CSE-BRAVO-ALT-Q2-2026-00112,Privilege Escalation,CSE-BRAVO-AST-0031,,2026-04-10T10:21:26Z,False,4,LOW,OT-Historian-Watch,CLOSED
CSE-BRAVO-ALT-Q2-2026-00113,Insider Threat Indicator,CSE-BRAVO-AST-0041,CSE-BRAVO-CASE-Q2-2026-00033,2026-05-29T18:31:23Z,False,2,HIGH,Cloud-Sec-Posture,CLOSED
CSE-BRAVO-ALT-Q2-2026-00114,DDoS,CSE-BRAVO-AST-0024,CSE-BRAVO-CASE-Q2-2026-00034,2026-06-10T14:21:37Z,False,1,CRITICAL,EDR-Sentinel,CLOSED
CSE-BRAVO-ALT-Q2-2026-00115,Insider Threat Indicator,CSE-BRAVO-AST-0027,,2026-06-15T03:55:10Z,False,5,INFORMATIONAL,EDR-Sentinel,CLOSED
CSE-BRAVO-ALT-Q2-2026-00116,Insider Threat Indicator,CSE-BRAVO-AST-0044,CSE-BRAVO-CASE-Q2-2026-00035,2026-06-22T01:54:27Z,False,1,CRITICAL,IAM-Monitor,CLOSED
CSE-BRAVO-ALT-Q2-2026-00117,Ransomware Indicator,CSE-BRAVO-AST-0043,,2026-05-02T22:59:31Z,False,5,INFORMATIONAL,NIDS-Perimeter,CLOSED
CSE-BRAVO-ALT-Q2-2026-00118,Privilege Escalation,CSE-BRAVO-AST-0023,,2026-06-29T05:37:00Z,False,5,INFORMATIONAL,OT-Historian-Watch,CLOSED
CSE-BRAVO-ALT-Q2-2026-00119,Brute Force,CSE-BRAVO-AST-0066,CSE-BRAVO-CASE-Q2-2026-00036,2026-05-15T07:51:10Z,False,3,MEDIUM,OT-Historian-Watch,CLOSED
CSE-BRAVO-ALT-Q2-2026-00120,Suspicious Network Traffic,CSE-BRAVO-AST-0015,,2026-04-25T16:52:08Z,True,3,MEDIUM,EDR-Sentinel,IN_PROGRESS
CSE-BRAVO-ALT-Q2-2026-00121,Anomalous Login,CSE-BRAVO-AST-0039,CSE-BRAVO-CASE-Q2-2026-00037,2026-05-25T14:17:19Z,False,3,MEDIUM,IAM-Monitor,CLOSED
CSE-BRAVO-ALT-Q2-2026-00122,Anomalous Login,CSE-BRAVO-AST-0055,,2026-04-10T01:02:26Z,False,4,LOW,Cloud-Sec-Posture,IN_PROGRESS
CSE-BRAVO-ALT-Q2-2026-00123,Unauthorized Access,CSE-BRAVO-AST-0059,CSE-BRAVO-CASE-Q2-2026-00038,2026-05-12T12:03:44Z,False,2,HIGH,EDR-Sentinel,CLOSED
CSE-BRAVO-ALT-Q2-2026-00124,Policy Violation,CSE-BRAVO-AST-0007,,2026-04-13T00:52:10Z,True,1,CRITICAL,NIDS-Perimeter,CLOSED
CSE-BRAVO-ALT-Q2-2026-00125,Brute Force,CSE-BRAVO-AST-0027,,2026-06-05T06:29:55Z,True,4,LOW,IAM-Monitor,OPEN
CSE-BRAVO-ALT-Q2-2026-00126,Ransomware Indicator,CSE-BRAVO-AST-0040,,2026-06-05T20:04:56Z,False,5,INFORMATIONAL,Cloud-Sec-Posture,CLOSED
CSE-BRAVO-ALT-Q2-2026-00127,Phishing,CSE-BRAVO-AST-0045,,2026-06-10T08:42:29Z,False,2,HIGH,OT-Historian-Watch,CLOSED
CSE-BRAVO-ALT-Q2-2026-00128,Malware,CSE-BRAVO-AST-0012,CSE-BRAVO-CASE-Q2-2026-00039,2026-05-08T06:27:35Z,False,3,MEDIUM,SIEM-Core,CLOSED
CSE-BRAVO-ALT-Q2-2026-00129,Phishing,CSE-BRAVO-AST-0024,,2026-05-10T22:50:12Z,False,5,INFORMATIONAL,EDR-Sentinel,CLOSED
CSE-BRAVO-ALT-Q2-2026-00130,Privilege Escalation,CSE-BRAVO-AST-0077,,2026-04-02T01:48:48Z,False,1,CRITICAL,Cloud-Sec-Posture,CLOSED
CSE-BRAVO-ALT-Q2-2026-00131,Phishing,CSE-BRAVO-AST-0055,,2026-06-11T12:56:55Z,True,2,HIGH,NIDS-Perimeter,CLOSED
CSE-BRAVO-ALT-Q2-2026-00132,Phishing,CSE-BRAVO-AST-0038,,2026-05-04T05:58:27Z,False,5,INFORMATIONAL,SIEM-Core,CLOSED
CSE-BRAVO-ALT-Q2-2026-00133,Brute Force,CSE-BRAVO-AST-0069,,2026-05-22T13:44:14Z,False,2,HIGH,OT-Historian-Watch,CLOSED
CSE-BRAVO-ALT-Q2-2026-00134,Ransomware Indicator,CSE-BRAVO-AST-0006,,2026-06-05T13:41:12Z,False,2,HIGH,Cloud-Sec-Posture,CLOSED
CSE-BRAVO-ALT-Q2-2026-00135,Privilege Escalation,CSE-BRAVO-AST-0062,CSE-BRAVO-CASE-Q2-2026-00040,2026-06-20T13:21:45Z,False,3,MEDIUM,EDR-Sentinel,CLOSED
CSE-BRAVO-ALT-Q2-2026-00136,Policy Violation,CSE-BRAVO-AST-0051,,2026-04-21T10:54:40Z,False,4,LOW,SIEM-Core,IN_PROGRESS
CSE-BRAVO-ALT-Q2-2026-00137,Data Exfiltration Attempt,CSE-BRAVO-AST-0043,,2026-05-16T12:25:06Z,True,4,LOW,IAM-Monitor,IN_PROGRESS
CSE-BRAVO-ALT-Q2-2026-00138,Insider Threat Indicator,CSE-BRAVO-AST-0046,,2026-04-05T12:57:52Z,False,2,HIGH,NIDS-Perimeter,CLOSED
CSE-BRAVO-ALT-Q2-2026-00139,Malware,CSE-BRAVO-AST-0045,CSE-BRAVO-CASE-Q2-2026-00041,2026-05-15T09:02:19Z,False,3,MEDIUM,Cloud-Sec-Posture,CLOSED
CSE-BRAVO-ALT-Q2-2026-00140,Brute Force,CSE-BRAVO-AST-0066,,2026-06-10T09:26:10Z,False,4,LOW,OT-Historian-Watch,CLOSED
CSE-BRAVO-ALT-Q2-2026-00141,Phishing,CSE-BRAVO-AST-0078,,2026-04-06T20:44:18Z,False,3,MEDIUM,IAM-Monitor,IN_PROGRESS
CSE-BRAVO-ALT-Q2-2026-00142,Ransomware Indicator,CSE-BRAVO-AST-0015,,2026-06-09T04:38:17Z,False,1,CRITICAL,NIDS-Perimeter,CLOSED
CSE-BRAVO-ALT-Q2-2026-00143,Malware,CSE-BRAVO-AST-0050,,2026-06-20T15:26:00Z,False,4,LOW,Cloud-Sec-Posture,CLOSED
CSE-BRAVO-ALT-Q2-2026-00144,Ransomware Indicator,CSE-BRAVO-AST-0051,,2026-04-12T23:14:04Z,False,4,LOW,IAM-Monitor,CLOSED
CSE-BRAVO-ALT-Q2-2026-00145,Ransomware Indicator,CSE-BRAVO-AST-0044,,2026-05-06T09:43:13Z,False,4,LOW,Cloud-Sec-Posture,CLOSED
CSE-BRAVO-ALT-Q2-2026-00146,Privilege Escalation,CSE-BRAVO-AST-0017,CSE-BRAVO-CASE-Q2-2026-00042,2026-05-30T19:20:19Z,False,2,HIGH,OT-Historian-Watch,CLOSED
CSE-BRAVO-ALT-Q2-2026-00147,Malware,CSE-BRAVO-AST-0043,,2026-06-05T13:17:17Z,False,5,INFORMATIONAL,EDR-Sentinel,IN_PROGRESS
CSE-BRAVO-ALT-Q2-2026-00148,Suspicious Network Traffic,CSE-BRAVO-AST-0029,,2026-06-22T09:57:36Z,True,3,MEDIUM,NIDS-Perimeter,CLOSED
CSE-BRAVO-ALT-Q2-2026-00149,Brute Force,CSE-BRAVO-AST-0037,,2026-04-12T15:17:14Z,False,2,HIGH,SIEM-Core,OPEN
CSE-BRAVO-ALT-Q2-2026-00150,Malware,CSE-BRAVO-AST-0025,,2026-04-11T08:02:33Z,False,4,LOW,IAM-Monitor,IN_PROGRESS
CSE-BRAVO-ALT-Q2-2026-00151,DDoS,CSE-BRAVO-AST-0031,CSE-BRAVO-CASE-Q2-2026-00043,2026-05-21T22:42:20Z,False,2,HIGH,IAM-Monitor,CLOSED
CSE-BRAVO-ALT-Q2-2026-00152,Data Exfiltration Attempt,CSE-BRAVO-AST-0027,,2026-06-21T04:46:07Z,False,5,INFORMATIONAL,IAM-Monitor,CLOSED
CSE-BRAVO-ALT-Q2-2026-00153,Data Exfiltration Attempt,CSE-BRAVO-AST-0033,,2026-06-30T05:58:19Z,False,3,MEDIUM,OT-Historian-Watch,CLOSED
CSE-BRAVO-ALT-Q2-2026-00154,Unauthorized Access,CSE-BRAVO-AST-0055,,2026-05-20T18:12:43Z,True,3,MEDIUM,Firewall-Log,CLOSED
CSE-BRAVO-ALT-Q2-2026-00155,Data Exfiltration Attempt,CSE-BRAVO-AST-0031,,2026-05-23T04:16:24Z,False,2,HIGH,EDR-Sentinel,CLOSED
CSE-BRAVO-ALT-Q2-2026-00156,Suspicious Network Traffic,CSE-BRAVO-AST-0035,,2026-05-23T01:33:36Z,False,4,LOW,NIDS-Perimeter,OPEN
CSE-BRAVO-ALT-Q2-2026-00157,DDoS,CSE-BRAVO-AST-0036,,2026-06-21T21:58:35Z,False,4,LOW,Firewall-Log,CLOSED
CSE-BRAVO-ALT-Q2-2026-00158,Anomalous Login,CSE-BRAVO-AST-0030,,2026-05-02T22:50:13Z,False,5,INFORMATIONAL,EDR-Sentinel,CLOSED
CSE-BRAVO-ALT-Q2-2026-00159,Data Exfiltration Attempt,CSE-BRAVO-AST-0001,,2026-05-20T06:57:14Z,False,5,INFORMATIONAL,EDR-Sentinel,CLOSED
CSE-BRAVO-ALT-Q2-2026-00160,Phishing,CSE-BRAVO-AST-0020,,2026-05-31T21:12:02Z,False,1,CRITICAL,Cloud-Sec-Posture,CLOSED
CSE-BRAVO-ALT-Q2-2026-00161,Policy Violation,CSE-BRAVO-AST-0077,,2026-06-02T17:37:18Z,False,5,INFORMATIONAL,NIDS-Perimeter,IN_PROGRESS
CSE-BRAVO-ALT-Q2-2026-00162,Malware,CSE-BRAVO-AST-0048,CSE-BRAVO-CASE-Q2-2026-00044,2026-04-24T13:49:42Z,False,4,LOW,SIEM-Core,CLOSED
CSE-BRAVO-ALT-Q2-2026-00163,Anomalous Login,CSE-BRAVO-AST-0036,CSE-BRAVO-CASE-Q2-2026-00045,2026-06-28T08:56:36Z,False,3,MEDIUM,SIEM-Core,CLOSED
CSE-BRAVO-ALT-Q2-2026-00164,Ransomware Indicator,CSE-BRAVO-AST-0074,CSE-BRAVO-CASE-Q2-2026-00046,2026-06-08T22:19:11Z,False,2,HIGH,Cloud-Sec-Posture,CLOSED
CSE-BRAVO-ALT-Q2-2026-00165,Insider Threat Indicator,CSE-BRAVO-AST-0002,,2026-04-19T14:32:57Z,True,3,MEDIUM,EDR-Sentinel,CLOSED
CSE-BRAVO-ALT-Q2-2026-00166,Policy Violation,CSE-BRAVO-AST-0053,CSE-BRAVO-CASE-Q2-2026-00047,2026-06-22T16:04:40Z,False,3,MEDIUM,OT-Historian-Watch,CLOSED
CSE-BRAVO-ALT-Q2-2026-00167,Privilege Escalation,CSE-BRAVO-AST-0054,,2026-06-16T19:35:41Z,False,4,LOW,EDR-Sentinel,CLOSED
CSE-BRAVO-ALT-Q2-2026-00168,Suspicious Network Traffic,CSE-BRAVO-AST-0001,,2026-05-29T12:13:10Z,False,3,MEDIUM,OT-Historian-Watch,IN_PROGRESS
CSE-BRAVO-ALT-Q2-2026-00169,Privilege Escalation,CSE-BRAVO-AST-0009,,2026-06-25T21:56:52Z,False,5,INFORMATIONAL,Firewall-Log,CLOSED
CSE-BRAVO-ALT-Q2-2026-00170,Data Exfiltration Attempt,CSE-BRAVO-AST-0036,,2026-04-18T11:48:36Z,False,5,INFORMATIONAL,Firewall-Log,OPEN
CSE-BRAVO-ALT-Q2-2026-00171,Privilege Escalation,CSE-BRAVO-AST-0069,CSE-BRAVO-CASE-Q2-2026-00048,2026-06-20T04:25:49Z,False,2,HIGH,SIEM-Core,CLOSED
CSE-BRAVO-ALT-Q2-2026-00172,Brute Force,CSE-BRAVO-AST-0071,,2026-06-18T14:14:00Z,False,4,LOW,EDR-Sentinel,IN_PROGRESS
CSE-BRAVO-ALT-Q2-2026-00173,Phishing,CSE-BRAVO-AST-0073,,2026-05-28T15:53:58Z,False,5,INFORMATIONAL,OT-Historian-Watch,CLOSED
CSE-BRAVO-ALT-Q2-2026-00174,Ransomware Indicator,CSE-BRAVO-AST-0024,,2026-05-23T00:05:12Z,True,3,MEDIUM,OT-Historian-Watch,IN_PROGRESS
CSE-BRAVO-ALT-Q2-2026-00175,Data Exfiltration Attempt,CSE-BRAVO-AST-0005,,2026-05-04T16:02:32Z,False,5,INFORMATIONAL,OT-Historian-Watch,CLOSED
CSE-BRAVO-ALT-Q2-2026-00176,Insider Threat Indicator,CSE-BRAVO-AST-0030,,2026-05-26T01:34:59Z,False,4,LOW,OT-Historian-Watch,CLOSED
CSE-BRAVO-ALT-Q2-2026-00177,Privilege Escalation,CSE-BRAVO-AST-0071,,2026-04-22T04:54:12Z,False,5,INFORMATIONAL,EDR-Sentinel,CLOSED
CSE-BRAVO-ALT-Q2-2026-00178,Policy Violation,CSE-BRAVO-AST-0012,,2026-04-12T16:04:51Z,False,2,HIGH,SIEM-Core,IN_PROGRESS
CSE-BRAVO-ALT-Q2-2026-00179,Ransomware Indicator,CSE-BRAVO-AST-0012,,2026-04-05T05:54:59Z,False,5,INFORMATIONAL,OT-Historian-Watch,OPEN
CSE-BRAVO-ALT-Q2-2026-00180,Unauthorized Access,CSE-BRAVO-AST-0007,,2026-06-01T15:20:01Z,False,2,HIGH,EDR-Sentinel,CLOSED
CSE-BRAVO-ALT-Q2-2026-00181,Brute Force,CSE-BRAVO-AST-0032,CSE-BRAVO-CASE-Q2-2026-00049,2026-06-24T06:01:15Z,False,2,HIGH,IAM-Monitor,CLOSED
CSE-BRAVO-ALT-Q2-2026-00182,Policy Violation,CSE-BRAVO-AST-0026,,2026-04-11T10:44:33Z,False,5,INFORMATIONAL,OT-Historian-Watch,IN_PROGRESS
CSE-BRAVO-ALT-Q2-2026-00183,Data Exfiltration Attempt,CSE-BRAVO-AST-0039,,2026-04-30T18:48:13Z,True,5,INFORMATIONAL,SIEM-Core,CLOSED
CSE-BRAVO-ALT-Q2-2026-00184,Unauthorized Access,CSE-BRAVO-AST-0041,,2026-04-11T20:34:16Z,False,4,LOW,NIDS-Perimeter,IN_PROGRESS
CSE-BRAVO-ALT-Q2-2026-00185,Phishing,CSE-BRAVO-AST-0026,,2026-06-09T21:02:35Z,False,4,LOW,EDR-Sentinel,CLOSED
CSE-BRAVO-ALT-Q2-2026-00186,Data Exfiltration Attempt,CSE-BRAVO-AST-0015,CSE-BRAVO-CASE-Q2-2026-00050,2026-05-30T08:16:41Z,False,3,MEDIUM,Firewall-Log,CLOSED
CSE-BRAVO-ALT-Q2-2026-00187,Malware,CSE-BRAVO-AST-0048,CSE-BRAVO-CASE-Q2-2026-00051,2026-05-20T09:08:29Z,False,3,MEDIUM,NIDS-Perimeter,CLOSED
CSE-BRAVO-ALT-Q2-2026-00188,Phishing,CSE-BRAVO-AST-0051,,2026-06-03T19:10:43Z,False,2,HIGH,Cloud-Sec-Posture,CLOSED
CSE-BRAVO-ALT-Q2-2026-00189,Unauthorized Access,CSE-BRAVO-AST-0018,,2026-06-13T04:56:10Z,False,2,HIGH,Cloud-Sec-Posture,CLOSED
CSE-BRAVO-ALT-Q2-2026-00190,Malware,CSE-BRAVO-AST-0020,,2026-06-22T23:52:06Z,False,3,MEDIUM,NIDS-Perimeter,CLOSED
CSE-BRAVO-ALT-Q2-2026-00191,Brute Force,CSE-BRAVO-AST-0031,,2026-04-25T21:41:23Z,False,3,MEDIUM,OT-Historian-Watch,CLOSED
CSE-BRAVO-ALT-Q2-2026-00192,Insider Threat Indicator,CSE-BRAVO-AST-0038,CSE-BRAVO-CASE-Q2-2026-00052,2026-05-30T08:05:57Z,False,3,MEDIUM,EDR-Sentinel,CLOSED
CSE-BRAVO-ALT-Q2-2026-00193,Brute Force,CSE-BRAVO-AST-0078,CSE-BRAVO-CASE-Q2-2026-00053,2026-05-21T06:12:59Z,False,3,MEDIUM,Firewall-Log,CLOSED
CSE-BRAVO-ALT-Q2-2026-00194,Unauthorized Access,CSE-BRAVO-AST-0077,,2026-04-10T23:18:14Z,True,3,MEDIUM,IAM-Monitor,IN_PROGRESS
CSE-BRAVO-ALT-Q2-2026-00195,Anomalous Login,CSE-BRAVO-AST-0033,,2026-05-05T03:07:05Z,False,3,MEDIUM,NIDS-Perimeter,CLOSED
CSE-BRAVO-ALT-Q2-2026-00196,Privilege Escalation,CSE-BRAVO-AST-0073,CSE-BRAVO-CASE-Q2-2026-00054,2026-04-21T07:20:01Z,False,3,MEDIUM,IAM-Monitor,CLOSED
CSE-BRAVO-ALT-Q2-2026-00197,Data Exfiltration Attempt,CSE-BRAVO-AST-0070,CSE-BRAVO-CASE-Q2-2026-00055,2026-06-13T19:59:28Z,False,3,MEDIUM,Cloud-Sec-Posture,CLOSED
CSE-BRAVO-ALT-Q2-2026-00198,Privilege Escalation,CSE-BRAVO-AST-0018,CSE-BRAVO-CASE-Q2-2026-00056,2026-05-08T20:19:02Z,False,2,HIGH,NIDS-Perimeter,CLOSED
CSE-BRAVO-ALT-Q2-2026-00199,Phishing,CSE-BRAVO-AST-0004,,2026-04-10T15:59:11Z,False,5,INFORMATIONAL,SIEM-Core,OPEN
CSE-BRAVO-ALT-Q2-2026-00200,Ransomware Indicator,CSE-BRAVO-AST-0055,,2026-05-23T09:50:08Z,False,5,INFORMATIONAL,SIEM-Core,CLOSED
CSE-BRAVO-ALT-Q2-2026-00201,Suspicious Network Traffic,CSE-BRAVO-AST-0012,,2026-06-11T03:36:12Z,True,4,LOW,OT-Historian-Watch,CLOSED
CSE-BRAVO-ALT-Q2-2026-00202,DDoS,CSE-BRAVO-AST-0035,,2026-04-11T08:49:45Z,False,5,INFORMATIONAL,Cloud-Sec-Posture,IN_PROGRESS
CSE-BRAVO-ALT-Q2-2026-00203,Insider Threat Indicator,CSE-BRAVO-AST-0063,CSE-BRAVO-CASE-Q2-2026-00057,2026-05-09T15:14:06Z,False,3,MEDIUM,OT-Historian-Watch,CLOSED
CSE-BRAVO-ALT-Q2-2026-00204,Insider Threat Indicator,CSE-BRAVO-AST-0060,,2026-05-01T23:30:23Z,False,5,INFORMATIONAL,EDR-Sentinel,CLOSED
CSE-BRAVO-ALT-Q2-2026-00205,Brute Force,CSE-BRAVO-AST-0042,,2026-05-27T06:54:51Z,False,4,LOW,OT-Historian-Watch,CLOSED
CSE-BRAVO-ALT-Q2-2026-00206,Unauthorized Access,CSE-BRAVO-AST-0059,,2026-06-28T13:09:02Z,False,3,MEDIUM,OT-Historian-Watch,CLOSED
CSE-BRAVO-ALT-Q2-2026-00207,Privilege Escalation,CSE-BRAVO-AST-0025,,2026-06-30T04:51:38Z,False,3,MEDIUM,IAM-Monitor,CLOSED
CSE-BRAVO-ALT-Q2-2026-00208,Insider Threat Indicator,CSE-BRAVO-AST-0061,CSE-BRAVO-CASE-Q2-2026-00058,2026-05-08T08:48:31Z,False,2,HIGH,NIDS-Perimeter,CLOSED
CSE-BRAVO-ALT-Q2-2026-00209,Malware,CSE-BRAVO-AST-0036,,2026-04-14T16:09:25Z,False,4,LOW,OT-Historian-Watch,CLOSED
CSE-BRAVO-ALT-Q2-2026-00210,Unauthorized Access,CSE-BRAVO-AST-0002,,2026-06-21T14:08:16Z,False,3,MEDIUM,OT-Historian-Watch,OPEN
CSE-BRAVO-ALT-Q2-2026-00211,Privilege Escalation,CSE-BRAVO-AST-0038,,2026-05-12T02:33:20Z,False,4,LOW,OT-Historian-Watch,OPEN
CSE-BRAVO-ALT-Q2-2026-00212,Phishing,CSE-BRAVO-AST-0067,,2026-04-24T03:29:20Z,False,4,LOW,SIEM-Core,OPEN
CSE-BRAVO-ALT-Q2-2026-00213,Ransomware Indicator,CSE-BRAVO-AST-0015,,2026-06-30T09:49:06Z,False,4,LOW,EDR-Sentinel,CLOSED
CSE-BRAVO-ALT-Q2-2026-00214,Suspicious Network Traffic,CSE-BRAVO-AST-0036,,2026-05-06T15:49:10Z,True,4,LOW,Cloud-Sec-Posture,IN_PROGRESS
CSE-BRAVO-ALT-Q2-2026-00215,Suspicious Network Traffic,CSE-BRAVO-AST-0060,CSE-BRAVO-CASE-Q2-2026-00059,2026-04-14T13:09:20Z,False,2,HIGH,IAM-Monitor,CLOSED
CSE-BRAVO-ALT-Q2-2026-00216,Malware,CSE-BRAVO-AST-0063,,2026-06-06T16:55:03Z,False,5,INFORMATIONAL,OT-Historian-Watch,OPEN
CSE-BRAVO-ALT-Q2-2026-00217,Phishing,CSE-BRAVO-AST-0051,,2026-05-10T08:56:42Z,False,4,LOW,Cloud-Sec-Posture,CLOSED
CSE-BRAVO-ALT-Q2-2026-00218,Malware,CSE-BRAVO-AST-0031,,2026-06-26T15:29:43Z,False,1,CRITICAL,NIDS-Perimeter,CLOSED
CSE-BRAVO-ALT-Q2-2026-00219,Anomalous Login,CSE-BRAVO-AST-0033,CSE-BRAVO-CASE-Q2-2026-00060,2026-05-22T18:43:59Z,False,2,HIGH,EDR-Sentinel,CLOSED
CSE-BRAVO-ALT-Q2-2026-00220,Suspicious Network Traffic,CSE-BRAVO-AST-0062,,2026-05-24T09:00:40Z,False,4,LOW,Cloud-Sec-Posture,CLOSED
CSE-BRAVO-ALT-Q2-2026-00221,Insider Threat Indicator,CSE-BRAVO-AST-0078,CSE-BRAVO-CASE-Q2-2026-00061,2026-05-30T02:43:41Z,False,3,MEDIUM,Firewall-Log,CLOSED
CSE-BRAVO-ALT-Q2-2026-00222,Unauthorized Access,CSE-BRAVO-AST-0068,CSE-BRAVO-CASE-Q2-2026-00062,2026-05-24T02:38:44Z,False,3,MEDIUM,NIDS-Perimeter,CLOSED
CSE-BRAVO-ALT-Q2-2026-00223,Phishing,CSE-BRAVO-AST-0002,CSE-BRAVO-CASE-Q2-2026-00063,2026-06-17T14:58:15Z,False,4,LOW,EDR-Sentinel,CLOSED
CSE-BRAVO-ALT-Q2-2026-00224,Malware,CSE-BRAVO-AST-0024,,2026-05-30T02:00:08Z,False,4,LOW,NIDS-Perimeter,CLOSED
CSE-BRAVO-ALT-Q2-2026-00225,Privilege Escalation,CSE-BRAVO-AST-0002,,2026-04-19T19:24:48Z,False,4,LOW,Cloud-Sec-Posture,OPEN
CSE-BRAVO-ALT-Q2-2026-00226,Anomalous Login,CSE-BRAVO-AST-0023,,2026-06-17T07:15:48Z,False,4,LOW,IAM-Monitor,CLOSED
CSE-BRAVO-ALT-Q2-2026-00227,DDoS,CSE-BRAVO-AST-0077,,2026-05-10T01:19:11Z,False,4,LOW,Cloud-Sec-Posture,CLOSED
CSE-BRAVO-ALT-Q2-2026-00228,DDoS,CSE-BRAVO-AST-0028,,2026-06-07T01:56:38Z,False,2,HIGH,Cloud-Sec-Posture,IN_PROGRESS
CSE-BRAVO-ALT-Q2-2026-00229,Ransomware Indicator,CSE-BRAVO-AST-0078,,2026-04-26T02:57:52Z,False,4,LOW,Cloud-Sec-Posture,CLOSED
CSE-BRAVO-ALT-Q2-2026-00230,DDoS,CSE-BRAVO-AST-0018,,2026-05-11T21:06:25Z,True,2,HIGH,Cloud-Sec-Posture,CLOSED
CSE-BRAVO-ALT-Q2-2026-00231,Policy Violation,CSE-BRAVO-AST-0023,,2026-06-16T19:48:03Z,False,3,MEDIUM,SIEM-Core,CLOSED
CSE-BRAVO-ALT-Q2-2026-00232,DDoS,CSE-BRAVO-AST-0024,,2026-05-31T11:59:03Z,False,3,MEDIUM,NIDS-Perimeter,CLOSED
CSE-BRAVO-ALT-Q2-2026-00233,DDoS,CSE-BRAVO-AST-0009,,2026-06-30T00:59:46Z,False,3,MEDIUM,Firewall-Log,IN_PROGRESS
CSE-BRAVO-ALT-Q2-2026-00234,DDoS,CSE-BRAVO-AST-0077,,2026-05-06T02:59:44Z,False,3,MEDIUM,Cloud-Sec-Posture,IN_PROGRESS
CSE-BRAVO-ALT-Q2-2026-00235,Policy Violation,CSE-BRAVO-AST-0028,,2026-05-12T03:05:51Z,False,4,LOW,IAM-Monitor,OPEN
CSE-BRAVO-ALT-Q2-2026-00236,Data Exfiltration Attempt,CSE-BRAVO-AST-0013,,2026-05-30T12:38:10Z,False,3,MEDIUM,Firewall-Log,CLOSED
CSE-BRAVO-ALT-Q2-2026-00237,Privilege Escalation,CSE-BRAVO-AST-0058,CSE-BRAVO-CASE-Q2-2026-00064,2026-06-30T08:51:20Z,False,3,MEDIUM,Cloud-Sec-Posture,CLOSED
CSE-BRAVO-ALT-Q2-2026-00238,Insider Threat Indicator,CSE-BRAVO-AST-0016,,2026-04-27T21:31:37Z,False,5,INFORMATIONAL,Firewall-Log,CLOSED
CSE-BRAVO-ALT-Q2-2026-00239,Insider Threat Indicator,CSE-BRAVO-AST-0036,CSE-BRAVO-CASE-Q2-2026-00065,2026-05-28T11:47:00Z,False,2,HIGH,IAM-Monitor,CLOSED
CSE-BRAVO-ALT-Q2-2026-00240,Suspicious Network Traffic,CSE-BRAVO-AST-0064,,2026-04-06T15:14:58Z,False,5,INFORMATIONAL,OT-Historian-Watch,CLOSED
CSE-BRAVO-ALT-Q2-2026-00241,Data Exfiltration Attempt,CSE-BRAVO-AST-0042,,2026-05-19T05:09:50Z,False,2,HIGH,IAM-Monitor,CLOSED
CSE-BRAVO-ALT-Q2-2026-00242,Privilege Escalation,CSE-BRAVO-AST-0017,,2026-04-26T14:09:54Z,False,3,MEDIUM,Firewall-Log,IN_PROGRESS
CSE-BRAVO-ALT-Q2-2026-00243,Suspicious Network Traffic,CSE-BRAVO-AST-0034,,2026-04-24T09:36:02Z,False,4,LOW,OT-Historian-Watch,OPEN
CSE-BRAVO-ALT-Q2-2026-00244,Anomalous Login,CSE-BRAVO-AST-0036,CSE-BRAVO-CASE-Q2-2026-00066,2026-06-24T11:14:06Z,False,3,MEDIUM,EDR-Sentinel,CLOSED
CSE-BRAVO-ALT-Q2-2026-00245,Unauthorized Access,CSE-BRAVO-AST-0071,CSE-BRAVO-CASE-Q2-2026-00067,2026-05-12T10:41:02Z,False,1,CRITICAL,SIEM-Core,CLOSED
CSE-BRAVO-ALT-Q2-2026-00246,Data Exfiltration Attempt,CSE-BRAVO-AST-0002,,2026-04-20T15:51:53Z,False,4,LOW,Cloud-Sec-Posture,CLOSED
CSE-BRAVO-ALT-Q2-2026-00247,Unauthorized Access,CSE-BRAVO-AST-0073,,2026-06-04T18:35:12Z,False,5,INFORMATIONAL,NIDS-Perimeter,CLOSED
CSE-BRAVO-ALT-Q2-2026-00248,Data Exfiltration Attempt,CSE-BRAVO-AST-0069,,2026-05-09T21:43:39Z,False,2,HIGH,Cloud-Sec-Posture,IN_PROGRESS
CSE-BRAVO-ALT-Q2-2026-00249,Brute Force,CSE-BRAVO-AST-0035,,2026-06-24T13:20:03Z,False,4,LOW,EDR-Sentinel,OPEN
CSE-BRAVO-ALT-Q2-2026-00250,Phishing,CSE-BRAVO-AST-0009,,2026-05-07T20:57:24Z,False,4,LOW,IAM-Monitor,CLOSED
CSE-BRAVO-ALT-Q2-2026-00251,Data Exfiltration Attempt,CSE-BRAVO-AST-0019,CSE-BRAVO-CASE-Q2-2026-00068,2026-06-15T11:08:48Z,False,3,MEDIUM,Firewall-Log,CLOSED
CSE-BRAVO-ALT-Q2-2026-00252,Insider Threat Indicator,CSE-BRAVO-AST-0011,CSE-BRAVO-CASE-Q2-2026-00069,2026-05-19T14:40:37Z,False,1,CRITICAL,OT-Historian-Watch,CLOSED
CSE-BRAVO-ALT-Q2-2026-00253,DDoS,CSE-BRAVO-AST-0002,,2026-05-06T14:00:27Z,False,2,HIGH,IAM-Monitor,CLOSED
CSE-BRAVO-ALT-Q2-2026-00254,DDoS,CSE-BRAVO-AST-0068,,2026-06-29T16:34:06Z,False,5,INFORMATIONAL,IAM-Monitor,IN_PROGRESS
CSE-BRAVO-ALT-Q2-2026-00255,Suspicious Network Traffic,CSE-BRAVO-AST-0016,,2026-06-07T20:13:03Z,False,3,MEDIUM,IAM-Monitor,CLOSED
CSE-BRAVO-ALT-Q2-2026-00256,Policy Violation,CSE-BRAVO-AST-0049,,2026-04-28T13:24:28Z,True,3,MEDIUM,EDR-Sentinel,CLOSED
CSE-BRAVO-ALT-Q2-2026-00257,Malware,CSE-BRAVO-AST-0076,CSE-BRAVO-CASE-Q2-2026-00070,2026-04-04T06:04:48Z,False,3,MEDIUM,Firewall-Log,CLOSED
CSE-BRAVO-ALT-Q2-2026-00258,Data Exfiltration Attempt,CSE-BRAVO-AST-0012,CSE-BRAVO-CASE-Q2-2026-00071,2026-05-08T07:17:43Z,False,4,LOW,Firewall-Log,CLOSED
CSE-BRAVO-ALT-Q2-2026-00259,Unauthorized Access,CSE-BRAVO-AST-0032,,2026-06-22T20:37:20Z,False,5,INFORMATIONAL,NIDS-Perimeter,OPEN
CSE-BRAVO-ALT-Q2-2026-00260,Data Exfiltration Attempt,CSE-BRAVO-AST-0073,CSE-BRAVO-CASE-Q2-2026-00072,2026-04-18T17:10:51Z,False,3,MEDIUM,Cloud-Sec-Posture,CLOSED
CSE-BRAVO-ALT-Q2-2026-00261,Brute Force,CSE-BRAVO-AST-0072,,2026-04-22T19:35:20Z,False,3,MEDIUM,Cloud-Sec-Posture,IN_PROGRESS
CSE-BRAVO-ALT-Q2-2026-00262,DDoS,CSE-BRAVO-AST-0019,,2026-06-02T16:03:51Z,False,2,HIGH,EDR-Sentinel,IN_PROGRESS
CSE-BRAVO-ALT-Q2-2026-00263,Unauthorized Access,CSE-BRAVO-AST-0040,,2026-06-24T01:11:23Z,False,1,CRITICAL,IAM-Monitor,OPEN
CSE-BRAVO-ALT-Q2-2026-00264,Data Exfiltration Attempt,CSE-BRAVO-AST-0048,,2026-06-21T15:40:00Z,False,5,INFORMATIONAL,IAM-Monitor,IN_PROGRESS
CSE-BRAVO-ALT-Q2-2026-00265,Privilege Escalation,CSE-BRAVO-AST-0029,,2026-04-14T00:56:43Z,False,4,LOW,IAM-Monitor,IN_PROGRESS
CSE-BRAVO-ALT-Q2-2026-00266,Insider Threat Indicator,CSE-BRAVO-AST-0051,,2026-06-24T05:23:47Z,False,5,INFORMATIONAL,IAM-Monitor,CLOSED
CSE-BRAVO-ALT-Q2-2026-00267,Malware,CSE-BRAVO-AST-0021,,2026-06-21T17:33:54Z,False,1,CRITICAL,SIEM-Core,OPEN
CSE-BRAVO-ALT-Q2-2026-00268,Unauthorized Access,CSE-BRAVO-AST-0052,,2026-04-09T07:44:03Z,False,5,INFORMATIONAL,NIDS-Perimeter,IN_PROGRESS
CSE-BRAVO-ALT-Q2-2026-00269,Phishing,CSE-BRAVO-AST-0076,CSE-BRAVO-CASE-Q2-2026-00073,2026-05-24T15:28:18Z,False,2,HIGH,Firewall-Log,CLOSED
CSE-BRAVO-ALT-Q2-2026-00270,Phishing,CSE-BRAVO-AST-0025,,2026-04-29T14:23:01Z,False,4,LOW,Cloud-Sec-Posture,IN_PROGRESS
CSE-BRAVO-ALT-Q2-2026-00271,Anomalous Login,CSE-BRAVO-AST-0039,,2026-06-12T13:34:01Z,False,5,INFORMATIONAL,OT-Historian-Watch,OPEN
CSE-BRAVO-ALT-Q2-2026-00272,Data Exfiltration Attempt,CSE-BRAVO-AST-0039,,2026-05-01T21:37:44Z,False,5,INFORMATIONAL,SIEM-Core,IN_PROGRESS
CSE-BRAVO-ALT-Q2-2026-00273,Malware,CSE-BRAVO-AST-0066,CSE-BRAVO-CASE-Q2-2026-00074,2026-05-11T10:58:26Z,False,1,CRITICAL,OT-Historian-Watch,CLOSED
CSE-BRAVO-ALT-Q2-2026-00274,Phishing,CSE-BRAVO-AST-0011,,2026-05-27T00:56:51Z,False,2,HIGH,EDR-Sentinel,CLOSED
CSE-BRAVO-ALT-Q2-2026-00275,Malware,CSE-BRAVO-AST-0048,,2026-05-02T12:59:44Z,True,1,CRITICAL,SIEM-Core,CLOSED
CSE-BRAVO-ALT-Q2-2026-00276,Suspicious Network Traffic,CSE-BRAVO-AST-0046,,2026-04-08T09:10:27Z,True,5,INFORMATIONAL,Cloud-Sec-Posture,CLOSED
CSE-BRAVO-ALT-Q2-2026-00277,Malware,CSE-BRAVO-AST-0053,CSE-BRAVO-CASE-Q2-2026-00075,2026-06-25T15:04:17Z,False,2,HIGH,OT-Historian-Watch,CLOSED
CSE-BRAVO-ALT-Q2-2026-00278,Ransomware Indicator,CSE-BRAVO-AST-0053,,2026-06-17T01:26:40Z,False,5,INFORMATIONAL,EDR-Sentinel,CLOSED
CSE-BRAVO-ALT-Q2-2026-00279,Malware,CSE-BRAVO-AST-0037,,2026-04-15T00:55:47Z,False,4,LOW,NIDS-Perimeter,CLOSED
CSE-BRAVO-ALT-Q2-2026-00280,Data Exfiltration Attempt,CSE-BRAVO-AST-0062,CSE-BRAVO-CASE-Q2-2026-00076,2026-04-27T09:00:09Z,False,3,MEDIUM,IAM-Monitor,CLOSED
CSE-BRAVO-ALT-Q2-2026-00281,Anomalous Login,CSE-BRAVO-AST-0076,CSE-BRAVO-CASE-Q2-2026-00077,2026-04-08T08:44:45Z,False,1,CRITICAL,Cloud-Sec-Posture,CLOSED
CSE-BRAVO-ALT-Q2-2026-00282,Phishing,CSE-BRAVO-AST-0013,,2026-05-16T17:46:51Z,False,4,LOW,IAM-Monitor,CLOSED
CSE-BRAVO-ALT-Q2-2026-00283,Brute Force,CSE-BRAVO-AST-0060,CSE-BRAVO-CASE-Q2-2026-00078,2026-05-05T21:38:32Z,False,2,HIGH,NIDS-Perimeter,CLOSED
CSE-BRAVO-ALT-Q2-2026-00284,Phishing,CSE-BRAVO-AST-0053,,2026-04-24T06:28:27Z,False,5,INFORMATIONAL,OT-Historian-Watch,CLOSED
CSE-BRAVO-ALT-Q2-2026-00285,Brute Force,CSE-BRAVO-AST-0025,,2026-05-19T01:50:01Z,False,5,INFORMATIONAL,IAM-Monitor,CLOSED
CSE-BRAVO-ALT-Q2-2026-00286,Data Exfiltration Attempt,CSE-BRAVO-AST-0014,,2026-04-28T05:46:34Z,False,3,MEDIUM,IAM-Monitor,CLOSED
CSE-BRAVO-ALT-Q2-2026-00287,Policy Violation,CSE-BRAVO-AST-0066,CSE-BRAVO-CASE-Q2-2026-00079,2026-05-05T08:37:29Z,False,2,HIGH,EDR-Sentinel,CLOSED
CSE-BRAVO-ALT-Q2-2026-00288,Anomalous Login,CSE-BRAVO-AST-0063,,2026-05-21T14:04:56Z,False,1,CRITICAL,Firewall-Log,IN_PROGRESS
CSE-BRAVO-ALT-Q2-2026-00289,Ransomware Indicator,CSE-BRAVO-AST-0015,CSE-BRAVO-CASE-Q2-2026-00080,2026-04-20T05:45:14Z,False,3,MEDIUM,NIDS-Perimeter,CLOSED
CSE-BRAVO-ALT-Q2-2026-00290,Anomalous Login,CSE-BRAVO-AST-0008,CSE-BRAVO-CASE-Q2-2026-00081,2026-05-24T04:30:07Z,False,2,HIGH,Cloud-Sec-Posture,CLOSED
CSE-BRAVO-ALT-Q2-2026-00291,Policy Violation,CSE-BRAVO-AST-0040,CSE-BRAVO-CASE-Q2-2026-00082,2026-06-12T00:11:44Z,False,3,MEDIUM,EDR-Sentinel,CLOSED
CSE-BRAVO-ALT-Q2-2026-00292,Privilege Escalation,CSE-BRAVO-AST-0066,CSE-BRAVO-CASE-Q2-2026-00083,2026-04-22T00:30:57Z,False,1,CRITICAL,SIEM-Core,CLOSED
CSE-BRAVO-ALT-Q2-2026-00293,Brute Force,CSE-BRAVO-AST-0043,,2026-05-07T09:51:33Z,False,4,LOW,IAM-Monitor,CLOSED
CSE-BRAVO-ALT-Q2-2026-00294,DDoS,CSE-BRAVO-AST-0013,,2026-04-08T08:25:57Z,False,2,HIGH,Cloud-Sec-Posture,OPEN
CSE-BRAVO-ALT-Q2-2026-00295,Suspicious Network Traffic,CSE-BRAVO-AST-0073,,2026-06-25T14:48:18Z,False,4,LOW,OT-Historian-Watch,CLOSED
CSE-BRAVO-ALT-Q2-2026-00296,Data Exfiltration Attempt,CSE-BRAVO-AST-0034,,2026-04-11T17:39:11Z,False,4,LOW,Cloud-Sec-Posture,CLOSED
CSE-BRAVO-ALT-Q2-2026-00297,Brute Force,CSE-BRAVO-AST-0006,,2026-05-16T05:29:56Z,False,5,INFORMATIONAL,Firewall-Log,CLOSED
CSE-BRAVO-ALT-Q2-2026-00298,Anomalous Login,CSE-BRAVO-AST-0014,,2026-05-27T06:32:11Z,False,5,INFORMATIONAL,NIDS-Perimeter,OPEN
CSE-BRAVO-ALT-Q2-2026-00299,Data Exfiltration Attempt,CSE-BRAVO-AST-0010,CSE-BRAVO-CASE-Q2-2026-00084,2026-06-24T03:22:04Z,False,2,HIGH,Cloud-Sec-Posture,CLOSED
CSE-BRAVO-ALT-Q2-2026-00300,Privilege Escalation,CSE-BRAVO-AST-0024,CSE-BRAVO-CASE-Q2-2026-00085,2026-06-18T13:43:07Z,False,2,HIGH,NIDS-Perimeter,CLOSED
CSE-BRAVO-ALT-Q2-2026-00301,Brute Force,CSE-BRAVO-AST-0072,,2026-05-19T14:22:25Z,False,2,HIGH,Cloud-Sec-Posture,OPEN
CSE-BRAVO-ALT-Q2-2026-00302,Data Exfiltration Attempt,CSE-BRAVO-AST-0068,CSE-BRAVO-CASE-Q2-2026-00086,2026-05-16T16:53:41Z,False,3,MEDIUM,SIEM-Core,CLOSED
CSE-BRAVO-ALT-Q2-2026-00303,DDoS,CSE-BRAVO-AST-0014,,2026-05-06T03:10:18Z,False,4,LOW,IAM-Monitor,CLOSED
CSE-BRAVO-ALT-Q2-2026-00304,Brute Force,CSE-BRAVO-AST-0005,,2026-06-09T07:55:04Z,False,3,MEDIUM,Firewall-Log,IN_PROGRESS
CSE-BRAVO-ALT-Q2-2026-00305,Brute Force,CSE-BRAVO-AST-0001,,2026-05-13T08:04:44Z,True,3,MEDIUM,IAM-Monitor,CLOSED
CSE-BRAVO-ALT-Q2-2026-00306,Phishing,CSE-BRAVO-AST-0014,,2026-04-01T12:57:50Z,True,2,HIGH,EDR-Sentinel,CLOSED
CSE-BRAVO-ALT-Q2-2026-00307,Unauthorized Access,CSE-BRAVO-AST-0006,,2026-05-15T10:15:50Z,True,3,MEDIUM,Cloud-Sec-Posture,IN_PROGRESS
CSE-BRAVO-ALT-Q2-2026-00308,Malware,CSE-BRAVO-AST-0061,,2026-04-19T15:56:13Z,True,5,INFORMATIONAL,NIDS-Perimeter,OPEN
CSE-BRAVO-ALT-Q2-2026-00309,DDoS,CSE-BRAVO-AST-0019,,2026-04-11T16:39:14Z,False,5,INFORMATIONAL,EDR-Sentinel,IN_PROGRESS
