case_id,escalated_at,escalated_flag,escalation_id,escalation_level,escalation_reason,escalation_required,escalation_rule_id
CSE-ECHO-CASE-Q2-2026-00003,,False,CSE-ECHO-CASE-Q2-2026-00003-ESC-03,,,False,
CSE-ECHO-CASE-Q2-2026-00007,2026-06-02T07:00:44Z,True,CSE-ECHO-CASE-Q2-2026-00007-ESC-07,Team Lead,Regulatory notification criteria met,True,RULE-ESC-05
CSE-ECHO-CASE-Q2-2026-00011,2026-05-05T21:30:05Z,True,CSE-ECHO-CASE-Q2-2026-00011-ESC-11,SOC Manager,Critical asset impacted,True,RULE-ESC-06
CSE-ECHO-CASE-Q2-2026-00037,2026-05-31T18:23:16Z,True,CSE-ECHO-CASE-Q2-2026-00037-ESC-37,NCIIPC Liaison,,False,
CSE-ECHO-CASE-Q2-2026-00038,2026-04-16T09:26:20Z,True,CSE-ECHO-CASE-Q2-2026-00038-ESC-38,Team Lead,Critical asset impacted,True,RULE-ESC-04
CSE-ECHO-CASE-Q2-2026-00039,2026-05-06T08:10:32Z,True,CSE-ECHO-CASE-Q2-2026-00039-ESC-39,NCIIPC Liaison,Suspected multi-asset campaign,True,RULE-ESC-02
CSE-ECHO-CASE-Q2-2026-00040,2026-06-12T21:49:28Z,True,CSE-ECHO-CASE-Q2-2026-00040-ESC-40,External CERT-In,Repeat condition on critical asset,True,RULE-ESC-01
CSE-ECHO-CASE-Q2-2026-00042,2026-05-06T23:13:20Z,True,CSE-ECHO-CASE-Q2-2026-00042-ESC-42,SOC Manager,,False,
CSE-ECHO-CASE-Q2-2026-00056,2026-05-28T20:16:38Z,True,CSE-ECHO-CASE-Q2-2026-00056-ESC-56,NCIIPC Liaison,Critical asset impacted,True,RULE-ESC-01
CSE-ECHO-CASE-Q2-2026-00059,,False,CSE-ECHO-CASE-Q2-2026-00059-ESC-59,,,False,
CSE-ECHO-CASE-Q2-2026-00065,2026-04-29T07:35:06Z,True,CSE-ECHO-CASE-Q2-2026-00065-ESC-65,NCIIPC Liaison,Suspected multi-asset campaign,True,RULE-ESC-06
