action_timestamp,action_type,actor_id,case_id,disposition_recorded,escalation_decision_recorded,evidence_reference,finding_recorded,investigation_action_id,remediation_recorded
2026-04-06T23:31:27Z,Root Cause Analysis,ANALYST-016,CSE-BRAVO-CASE-Q2-2026-00001,True,True,EVREF-CSE-BRAVO-CASE-Q2-2026-00001-01,True,CSE-BRAVO-CASE-Q2-2026-00001-INV-01,False
2026-04-07T02:56:54Z,Alert Reviewed,ANALYST-014,CSE-BRAVO-CASE-Q2-2026-00001,True,False,EVREF-CSE-BRAVO-CASE-Q2-2026-00001-02,False,CSE-BRAVO-CASE-Q2-2026-00001-INV-02,False
2026-04-07T06:22:20Z,Evidence Examined,ANALYST-015,CSE-BRAVO-CASE-Q2-2026-00001,True,True,EVREF-CSE-BRAVO-CASE-Q2-2026-00001-03,True,CSE-BRAVO-CASE-Q2-2026-00001-INV-03,False
2026-04-07T09:47:47Z,Remediation Recorded,ANALYST-013,CSE-BRAVO-CASE-Q2-2026-00001,False,False,EVREF-CSE-BRAVO-CASE-Q2-2026-00001-04,False,CSE-BRAVO-CASE-Q2-2026-00001-INV-04,False
2026-04-07T13:13:14Z,Containment Action Taken,ANALYST-011,CSE-BRAVO-CASE-Q2-2026-00001,False,False,EVREF-CSE-BRAVO-CASE-Q2-2026-00001-05,False,CSE-BRAVO-CASE-Q2-2026-00001-INV-05,False
2026-04-07T16:38:40Z,Log Correlation Performed,ANALYST-010,CSE-BRAVO-CASE-Q2-2026-00001,False,False,EVREF-CSE-BRAVO-CASE-Q2-2026-00001-06,True,CSE-BRAVO-CASE-Q2-2026-00001-INV-06,False
2026-04-07T20:04:07Z,Affected Asset Identified,ANALYST-005,CSE-BRAVO-CASE-Q2-2026-00001,True,True,EVREF-CSE-BRAVO-CASE-Q2-2026-00001-07,True,CSE-BRAVO-CASE-Q2-2026-00001-INV-07,False
2026-04-19T18:41:54Z,Log Correlation Performed,ANALYST-012,CSE-BRAVO-CASE-Q2-2026-00002,True,False,EVREF-CSE-BRAVO-CASE-Q2-2026-00002-01,True,CSE-BRAVO-CASE-Q2-2026-00002-INV-01,False
2026-04-20T03:42:28Z,Finding Documented,ANALYST-013,CSE-BRAVO-CASE-Q2-2026-00002,False,False,EVREF-CSE-BRAVO-CASE-Q2-2026-00002-02,True,CSE-BRAVO-CASE-Q2-2026-00002-INV-02,False
2026-04-20T12:43:01Z,Disposition Documented,ANALYST-004,CSE-BRAVO-CASE-Q2-2026-00002,True,False,EVREF-CSE-BRAVO-CASE-Q2-2026-00002-03,True,CSE-BRAVO-CASE-Q2-2026-00002-INV-03,False
2026-04-20T21:43:35Z,Containment Action Taken,ANALYST-005,CSE-BRAVO-CASE-Q2-2026-00002,True,True,EVREF-CSE-BRAVO-CASE-Q2-2026-00002-04,False,CSE-BRAVO-CASE-Q2-2026-00002-INV-04,False
2026-04-21T06:44:09Z,Root Cause Analysis,ANALYST-018,CSE-BRAVO-CASE-Q2-2026-00002,True,False,,False,CSE-BRAVO-CASE-Q2-2026-00002-INV-05,False
2026-04-21T15:44:42Z,Escalation Decision Documented,ANALYST-012,CSE-BRAVO-CASE-Q2-2026-00002,False,True,EVREF-CSE-BRAVO-CASE-Q2-2026-00002-06,False,CSE-BRAVO-CASE-Q2-2026-00002-INV-06,False
2026-04-22T00:45:16Z,Affected Asset Identified,ANALYST-015,CSE-BRAVO-CASE-Q2-2026-00002,False,False,,True,CSE-BRAVO-CASE-Q2-2026-00002-INV-07,False
2026-06-27T00:37:37Z,Root Cause Analysis,ANALYST-001,CSE-BRAVO-CASE-Q2-2026-00003,True,False,EVREF-CSE-BRAVO-CASE-Q2-2026-00003-01,True,CSE-BRAVO-CASE-Q2-2026-00003-INV-01,False
2026-06-27T07:43:49Z,Escalation Decision Documented,ANALYST-015,CSE-BRAVO-CASE-Q2-2026-00003,False,True,,False,CSE-BRAVO-CASE-Q2-2026-00003-INV-02,False
2026-06-27T14:50:02Z,Alert Reviewed,ANALYST-008,CSE-BRAVO-CASE-Q2-2026-00003,False,False,EVREF-CSE-BRAVO-CASE-Q2-2026-00003-03,False,CSE-BRAVO-CASE-Q2-2026-00003-INV-03,False
2026-06-27T21:56:14Z,Finding Documented,ANALYST-008,CSE-BRAVO-CASE-Q2-2026-00003,True,True,EVREF-CSE-BRAVO-CASE-Q2-2026-00003-04,True,CSE-BRAVO-CASE-Q2-2026-00003-INV-04,False
2026-06-28T05:02:27Z,Remediation Recorded,ANALYST-018,CSE-BRAVO-CASE-Q2-2026-00003,False,True,EVREF-CSE-BRAVO-CASE-Q2-2026-00003-05,False,CSE-BRAVO-CASE-Q2-2026-00003-INV-05,True
2026-06-28T12:08:39Z,Log Correlation Performed,ANALYST-001,CSE-BRAVO-CASE-Q2-2026-00003,True,True,EVREF-CSE-BRAVO-CASE-Q2-2026-00003-06,True,CSE-BRAVO-CASE-Q2-2026-00003-INV-06,False
2026-04-29T19:47:07Z,Disposition Documented,ANALYST-010,CSE-BRAVO-CASE-Q2-2026-00004,True,False,,False,CSE-BRAVO-CASE-Q2-2026-00004-INV-01,False
2026-04-30T00:39:48Z,Finding Documented,ANALYST-017,CSE-BRAVO-CASE-Q2-2026-00004,False,False,EVREF-CSE-BRAVO-CASE-Q2-2026-00004-02,True,CSE-BRAVO-CASE-Q2-2026-00004-INV-02,False
2026-04-30T05:32:29Z,Remediation Recorded,ANALYST-016,CSE-BRAVO-CASE-Q2-2026-00004,True,False,,False,CSE-BRAVO-CASE-Q2-2026-00004-INV-03,True
2026-04-30T10:25:09Z,Escalation Decision Documented,ANALYST-013,CSE-BRAVO-CASE-Q2-2026-00004,False,True,EVREF-CSE-BRAVO-CASE-Q2-2026-00004-04,True,CSE-BRAVO-CASE-Q2-2026-00004-INV-04,False
2026-04-30T15:17:50Z,Affected Asset Identified,ANALYST-007,CSE-BRAVO-CASE-Q2-2026-00004,True,False,EVREF-CSE-BRAVO-CASE-Q2-2026-00004-05,False,CSE-BRAVO-CASE-Q2-2026-00004-INV-05,False
2026-04-30T20:10:31Z,Root Cause Analysis,ANALYST-005,CSE-BRAVO-CASE-Q2-2026-00004,True,False,,False,CSE-BRAVO-CASE-Q2-2026-00004-INV-06,False
2026-05-01T01:03:11Z,Containment Action Taken,ANALYST-009,CSE-BRAVO-CASE-Q2-2026-00004,False,True,EVREF-CSE-BRAVO-CASE-Q2-2026-00004-07,False,CSE-BRAVO-CASE-Q2-2026-00004-INV-07,False
2026-05-24T19:46:26Z,Containment Action Taken,ANALYST-007,CSE-BRAVO-CASE-Q2-2026-00005,False,False,EVREF-CSE-BRAVO-CASE-Q2-2026-00005-01,True,CSE-BRAVO-CASE-Q2-2026-00005-INV-01,False
2026-05-25T01:24:35Z,Evidence Examined,ANALYST-013,CSE-BRAVO-CASE-Q2-2026-00005,False,True,EVREF-CSE-BRAVO-CASE-Q2-2026-00005-02,False,CSE-BRAVO-CASE-Q2-2026-00005-INV-02,False
2026-05-25T07:02:43Z,Log Correlation Performed,ANALYST-013,CSE-BRAVO-CASE-Q2-2026-00005,True,False,EVREF-CSE-BRAVO-CASE-Q2-2026-00005-03,False,CSE-BRAVO-CASE-Q2-2026-00005-INV-03,False
2026-05-25T12:40:51Z,Root Cause Analysis,ANALYST-011,CSE-BRAVO-CASE-Q2-2026-00005,False,True,EVREF-CSE-BRAVO-CASE-Q2-2026-00005-04,False,CSE-BRAVO-CASE-Q2-2026-00005-INV-04,False
2026-05-25T18:18:59Z,Escalation Decision Documented,ANALYST-014,CSE-BRAVO-CASE-Q2-2026-00005,False,True,EVREF-CSE-BRAVO-CASE-Q2-2026-00005-05,True,CSE-BRAVO-CASE-Q2-2026-00005-INV-05,False
2026-05-25T23:57:08Z,Finding Documented,ANALYST-012,CSE-BRAVO-CASE-Q2-2026-00005,True,False,EVREF-CSE-BRAVO-CASE-Q2-2026-00005-06,True,CSE-BRAVO-CASE-Q2-2026-00005-INV-06,False
2026-04-04T23:13:54Z,Finding Documented,ANALYST-012,CSE-BRAVO-CASE-Q2-2026-00006,False,False,EVREF-CSE-BRAVO-CASE-Q2-2026-00006-01,True,CSE-BRAVO-CASE-Q2-2026-00006-INV-01,False
2026-04-05T02:19:37Z,Alert Reviewed,ANALYST-001,CSE-BRAVO-CASE-Q2-2026-00006,False,False,EVREF-CSE-BRAVO-CASE-Q2-2026-00006-02,True,CSE-BRAVO-CASE-Q2-2026-00006-INV-02,False
2026-04-05T05:25:21Z,Remediation Recorded,ANALYST-010,CSE-BRAVO-CASE-Q2-2026-00006,True,True,EVREF-CSE-BRAVO-CASE-Q2-2026-00006-03,True,CSE-BRAVO-CASE-Q2-2026-00006-INV-03,True
2026-04-05T08:31:04Z,Containment Action Taken,ANALYST-004,CSE-BRAVO-CASE-Q2-2026-00006,False,False,EVREF-CSE-BRAVO-CASE-Q2-2026-00006-04,False,CSE-BRAVO-CASE-Q2-2026-00006-INV-04,False
2026-04-05T11:36:48Z,Root Cause Analysis,ANALYST-006,CSE-BRAVO-CASE-Q2-2026-00006,False,True,,False,CSE-BRAVO-CASE-Q2-2026-00006-INV-05,False
2026-04-05T14:42:31Z,Escalation Decision Documented,ANALYST-011,CSE-BRAVO-CASE-Q2-2026-00006,True,True,EVREF-CSE-BRAVO-CASE-Q2-2026-00006-06,True,CSE-BRAVO-CASE-Q2-2026-00006-INV-06,False
2026-04-07T04:09:51Z,Evidence Examined,ANALYST-010,CSE-BRAVO-CASE-Q2-2026-00007,False,False,EVREF-CSE-BRAVO-CASE-Q2-2026-00007-01,False,CSE-BRAVO-CASE-Q2-2026-00007-INV-01,False
2026-04-07T08:34:27Z,Affected Asset Identified,ANALYST-004,CSE-BRAVO-CASE-Q2-2026-00007,False,False,EVREF-CSE-BRAVO-CASE-Q2-2026-00007-02,False,CSE-BRAVO-CASE-Q2-2026-00007-INV-02,False
2026-04-07T12:59:02Z,Remediation Recorded,ANALYST-018,CSE-BRAVO-CASE-Q2-2026-00007,True,True,EVREF-CSE-BRAVO-CASE-Q2-2026-00007-03,True,CSE-BRAVO-CASE-Q2-2026-00007-INV-03,False
2026-04-07T17:23:37Z,Log Correlation Performed,ANALYST-006,CSE-BRAVO-CASE-Q2-2026-00007,True,False,EVREF-CSE-BRAVO-CASE-Q2-2026-00007-04,True,CSE-BRAVO-CASE-Q2-2026-00007-INV-04,False
2026-04-07T21:48:13Z,Disposition Documented,ANALYST-017,CSE-BRAVO-CASE-Q2-2026-00007,True,False,EVREF-CSE-BRAVO-CASE-Q2-2026-00007-05,False,CSE-BRAVO-CASE-Q2-2026-00007-INV-05,False
2026-04-08T02:12:48Z,Finding Documented,ANALYST-016,CSE-BRAVO-CASE-Q2-2026-00007,False,False,EVREF-CSE-BRAVO-CASE-Q2-2026-00007-06,True,CSE-BRAVO-CASE-Q2-2026-00007-INV-06,False
2026-04-08T06:37:24Z,Alert Reviewed,ANALYST-010,CSE-BRAVO-CASE-Q2-2026-00007,False,False,EVREF-CSE-BRAVO-CASE-Q2-2026-00007-07,True,CSE-BRAVO-CASE-Q2-2026-00007-INV-07,False
2026-04-08T11:01:59Z,Escalation Decision Documented,ANALYST-013,CSE-BRAVO-CASE-Q2-2026-00007,False,True,EVREF-CSE-BRAVO-CASE-Q2-2026-00007-08,True,CSE-BRAVO-CASE-Q2-2026-00007-INV-08,False
2026-05-30T01:22:21Z,Affected Asset Identified,ANALYST-007,CSE-BRAVO-CASE-Q2-2026-00008,False,False,EVREF-CSE-BRAVO-CASE-Q2-2026-00008-01,True,CSE-BRAVO-CASE-Q2-2026-00008-INV-01,False
2026-05-30T06:44:45Z,Remediation Recorded,ANALYST-018,CSE-BRAVO-CASE-Q2-2026-00008,False,False,EVREF-CSE-BRAVO-CASE-Q2-2026-00008-02,False,CSE-BRAVO-CASE-Q2-2026-00008-INV-02,True
2026-05-30T12:07:10Z,Log Correlation Performed,ANALYST-002,CSE-BRAVO-CASE-Q2-2026-00008,True,False,EVREF-CSE-BRAVO-CASE-Q2-2026-00008-03,False,CSE-BRAVO-CASE-Q2-2026-00008-INV-03,False
2026-05-30T17:29:34Z,Alert Reviewed,ANALYST-013,CSE-BRAVO-CASE-Q2-2026-00008,False,False,,False,CSE-BRAVO-CASE-Q2-2026-00008-INV-04,False
2026-05-30T22:51:59Z,Evidence Examined,ANALYST-017,CSE-BRAVO-CASE-Q2-2026-00008,True,False,EVREF-CSE-BRAVO-CASE-Q2-2026-00008-05,True,CSE-BRAVO-CASE-Q2-2026-00008-INV-05,False
2026-05-31T04:14:23Z,Escalation Decision Documented,ANALYST-007,CSE-BRAVO-CASE-Q2-2026-00008,False,True,EVREF-CSE-BRAVO-CASE-Q2-2026-00008-06,False,CSE-BRAVO-CASE-Q2-2026-00008-INV-06,False
2026-05-31T09:36:48Z,Finding Documented,ANALYST-010,CSE-BRAVO-CASE-Q2-2026-00008,False,False,EVREF-CSE-BRAVO-CASE-Q2-2026-00008-07,True,CSE-BRAVO-CASE-Q2-2026-00008-INV-07,False
2026-04-19T07:36:49Z,Disposition Documented,ANALYST-002,CSE-BRAVO-CASE-Q2-2026-00009,True,False,EVREF-CSE-BRAVO-CASE-Q2-2026-00009-01,False,CSE-BRAVO-CASE-Q2-2026-00009-INV-01,False
2026-04-19T09:45:37Z,Finding Documented,ANALYST-007,CSE-BRAVO-CASE-Q2-2026-00009,False,False,EVREF-CSE-BRAVO-CASE-Q2-2026-00009-02,True,CSE-BRAVO-CASE-Q2-2026-00009-INV-02,False
2026-04-19T11:54:25Z,Remediation Recorded,ANALYST-002,CSE-BRAVO-CASE-Q2-2026-00009,False,True,EVREF-CSE-BRAVO-CASE-Q2-2026-00009-03,False,CSE-BRAVO-CASE-Q2-2026-00009-INV-03,True
2026-04-19T14:03:14Z,Containment Action Taken,ANALYST-007,CSE-BRAVO-CASE-Q2-2026-00009,True,False,EVREF-CSE-BRAVO-CASE-Q2-2026-00009-04,True,CSE-BRAVO-CASE-Q2-2026-00009-INV-04,False
2026-04-19T16:12:02Z,Root Cause Analysis,ANALYST-010,CSE-BRAVO-CASE-Q2-2026-00009,False,False,,True,CSE-BRAVO-CASE-Q2-2026-00009-INV-05,False
2026-04-19T18:20:50Z,Alert Reviewed,ANALYST-014,CSE-BRAVO-CASE-Q2-2026-00009,False,False,EVREF-CSE-BRAVO-CASE-Q2-2026-00009-06,False,CSE-BRAVO-CASE-Q2-2026-00009-INV-06,False
2026-04-19T20:29:39Z,Evidence Examined,ANALYST-007,CSE-BRAVO-CASE-Q2-2026-00009,False,False,EVREF-CSE-BRAVO-CASE-Q2-2026-00009-07,False,CSE-BRAVO-CASE-Q2-2026-00009-INV-07,False
2026-04-11T08:14:50Z,Finding Documented,ANALYST-001,CSE-BRAVO-CASE-Q2-2026-00010,True,False,EVREF-CSE-BRAVO-CASE-Q2-2026-00010-01,True,CSE-BRAVO-CASE-Q2-2026-00010-INV-01,False
2026-04-11T11:07:31Z,Root Cause Analysis,ANALYST-011,CSE-BRAVO-CASE-Q2-2026-00010,True,True,EVREF-CSE-BRAVO-CASE-Q2-2026-00010-02,True,CSE-BRAVO-CASE-Q2-2026-00010-INV-02,False
2026-04-11T14:00:12Z,Evidence Examined,ANALYST-017,CSE-BRAVO-CASE-Q2-2026-00010,False,True,EVREF-CSE-BRAVO-CASE-Q2-2026-00010-03,False,CSE-BRAVO-CASE-Q2-2026-00010-INV-03,False
2026-04-11T16:52:53Z,Remediation Recorded,ANALYST-013,CSE-BRAVO-CASE-Q2-2026-00010,False,False,EVREF-CSE-BRAVO-CASE-Q2-2026-00010-04,False,CSE-BRAVO-CASE-Q2-2026-00010-INV-04,True
2026-04-11T19:45:34Z,Alert Reviewed,ANALYST-002,CSE-BRAVO-CASE-Q2-2026-00010,True,False,,False,CSE-BRAVO-CASE-Q2-2026-00010-INV-05,False
2026-04-11T22:38:15Z,Escalation Decision Documented,ANALYST-004,CSE-BRAVO-CASE-Q2-2026-00010,False,True,,False,CSE-BRAVO-CASE-Q2-2026-00010-INV-06,False
2026-04-12T01:30:56Z,Log Correlation Performed,ANALYST-007,CSE-BRAVO-CASE-Q2-2026-00010,False,False,EVREF-CSE-BRAVO-CASE-Q2-2026-00010-07,False,CSE-BRAVO-CASE-Q2-2026-00010-INV-07,False
2026-04-12T04:23:37Z,Containment Action Taken,ANALYST-017,CSE-BRAVO-CASE-Q2-2026-00010,False,False,,True,CSE-BRAVO-CASE-Q2-2026-00010-INV-08,False
2026-06-16T08:17:31Z,Finding Documented,ANALYST-018,CSE-BRAVO-CASE-Q2-2026-00011,False,True,EVREF-CSE-BRAVO-CASE-Q2-2026-00011-01,True,CSE-BRAVO-CASE-Q2-2026-00011-INV-01,False
2026-06-16T14:43:51Z,Root Cause Analysis,ANALYST-009,CSE-BRAVO-CASE-Q2-2026-00011,True,False,EVREF-CSE-BRAVO-CASE-Q2-2026-00011-02,False,CSE-BRAVO-CASE-Q2-2026-00011-INV-02,False
2026-06-16T21:10:12Z,Affected Asset Identified,ANALYST-014,CSE-BRAVO-CASE-Q2-2026-00011,True,False,EVREF-CSE-BRAVO-CASE-Q2-2026-00011-03,False,CSE-BRAVO-CASE-Q2-2026-00011-INV-03,False
2026-06-17T03:36:32Z,Log Correlation Performed,ANALYST-015,CSE-BRAVO-CASE-Q2-2026-00011,False,False,EVREF-CSE-BRAVO-CASE-Q2-2026-00011-04,True,CSE-BRAVO-CASE-Q2-2026-00011-INV-04,False
2026-06-17T10:02:53Z,Alert Reviewed,ANALYST-017,CSE-BRAVO-CASE-Q2-2026-00011,False,True,EVREF-CSE-BRAVO-CASE-Q2-2026-00011-05,True,CSE-BRAVO-CASE-Q2-2026-00011-INV-05,False
2026-06-17T16:29:13Z,Escalation Decision Documented,ANALYST-007,CSE-BRAVO-CASE-Q2-2026-00011,False,True,EVREF-CSE-BRAVO-CASE-Q2-2026-00011-06,False,CSE-BRAVO-CASE-Q2-2026-00011-INV-06,False
2026-06-17T22:55:33Z,Remediation Recorded,ANALYST-015,CSE-BRAVO-CASE-Q2-2026-00011,True,True,,False,CSE-BRAVO-CASE-Q2-2026-00011-INV-07,False
2026-06-18T05:21:54Z,Containment Action Taken,ANALYST-001,CSE-BRAVO-CASE-Q2-2026-00011,False,False,EVREF-CSE-BRAVO-CASE-Q2-2026-00011-08,False,CSE-BRAVO-CASE-Q2-2026-00011-INV-08,False
2026-05-29T08:13:32Z,Containment Action Taken,ANALYST-011,CSE-BRAVO-CASE-Q2-2026-00012,False,False,EVREF-CSE-BRAVO-CASE-Q2-2026-00012-01,True,CSE-BRAVO-CASE-Q2-2026-00012-INV-01,False
2026-05-29T10:24:20Z,Affected Asset Identified,ANALYST-006,CSE-BRAVO-CASE-Q2-2026-00012,False,False,EVREF-CSE-BRAVO-CASE-Q2-2026-00012-02,False,CSE-BRAVO-CASE-Q2-2026-00012-INV-02,False
2026-05-29T12:35:09Z,Escalation Decision Documented,ANALYST-013,CSE-BRAVO-CASE-Q2-2026-00012,False,True,EVREF-CSE-BRAVO-CASE-Q2-2026-00012-03,False,CSE-BRAVO-CASE-Q2-2026-00012-INV-03,False
2026-05-29T14:45:57Z,Root Cause Analysis,ANALYST-016,CSE-BRAVO-CASE-Q2-2026-00012,False,False,EVREF-CSE-BRAVO-CASE-Q2-2026-00012-04,False,CSE-BRAVO-CASE-Q2-2026-00012-INV-04,False
2026-05-29T16:56:46Z,Evidence Examined,ANALYST-016,CSE-BRAVO-CASE-Q2-2026-00012,True,False,EVREF-CSE-BRAVO-CASE-Q2-2026-00012-05,False,CSE-BRAVO-CASE-Q2-2026-00012-INV-05,False
2026-05-29T19:07:34Z,Log Correlation Performed,ANALYST-003,CSE-BRAVO-CASE-Q2-2026-00012,True,False,EVREF-CSE-BRAVO-CASE-Q2-2026-00012-06,False,CSE-BRAVO-CASE-Q2-2026-00012-INV-06,False
2026-05-29T21:18:22Z,Alert Reviewed,ANALYST-007,CSE-BRAVO-CASE-Q2-2026-00012,True,False,EVREF-CSE-BRAVO-CASE-Q2-2026-00012-07,False,CSE-BRAVO-CASE-Q2-2026-00012-INV-07,False
2026-05-29T23:29:11Z,Disposition Documented,ANALYST-010,CSE-BRAVO-CASE-Q2-2026-00012,True,False,EVREF-CSE-BRAVO-CASE-Q2-2026-00012-08,False,CSE-BRAVO-CASE-Q2-2026-00012-INV-08,False
2026-06-29T21:31:03Z,Log Correlation Performed,ANALYST-018,CSE-BRAVO-CASE-Q2-2026-00013,False,False,EVREF-CSE-BRAVO-CASE-Q2-2026-00013-01,True,CSE-BRAVO-CASE-Q2-2026-00013-INV-01,False
2026-06-30T01:01:53Z,Disposition Documented,ANALYST-014,CSE-BRAVO-CASE-Q2-2026-00013,True,False,EVREF-CSE-BRAVO-CASE-Q2-2026-00013-02,False,CSE-BRAVO-CASE-Q2-2026-00013-INV-02,False
2026-06-30T04:32:44Z,Affected Asset Identified,ANALYST-018,CSE-BRAVO-CASE-Q2-2026-00013,True,False,,True,CSE-BRAVO-CASE-Q2-2026-00013-INV-03,False
2026-06-30T08:03:35Z,Escalation Decision Documented,ANALYST-007,CSE-BRAVO-CASE-Q2-2026-00013,False,True,,False,CSE-BRAVO-CASE-Q2-2026-00013-INV-04,False
2026-06-30T11:34:26Z,Alert Reviewed,ANALYST-017,CSE-BRAVO-CASE-Q2-2026-00013,False,False,EVREF-CSE-BRAVO-CASE-Q2-2026-00013-05,False,CSE-BRAVO-CASE-Q2-2026-00013-INV-05,False
2026-06-30T15:05:17Z,Finding Documented,ANALYST-018,CSE-BRAVO-CASE-Q2-2026-00013,True,True,,True,CSE-BRAVO-CASE-Q2-2026-00013-INV-06,False
2026-06-30T18:36:08Z,Remediation Recorded,ANALYST-018,CSE-BRAVO-CASE-Q2-2026-00013,True,False,,False,CSE-BRAVO-CASE-Q2-2026-00013-INV-07,True
2026-05-26T22:14:53Z,Containment Action Taken,ANALYST-008,CSE-BRAVO-CASE-Q2-2026-00014,False,False,EVREF-CSE-BRAVO-CASE-Q2-2026-00014-01,False,CSE-BRAVO-CASE-Q2-2026-00014-INV-01,False
2026-05-27T02:09:06Z,Disposition Documented,ANALYST-008,CSE-BRAVO-CASE-Q2-2026-00014,True,False,EVREF-CSE-BRAVO-CASE-Q2-2026-00014-02,False,CSE-BRAVO-CASE-Q2-2026-00014-INV-02,False
2026-05-27T06:03:20Z,Alert Reviewed,ANALYST-008,CSE-BRAVO-CASE-Q2-2026-00014,False,True,,False,CSE-BRAVO-CASE-Q2-2026-00014-INV-03,False
2026-05-27T09:57:33Z,Remediation Recorded,ANALYST-018,CSE-BRAVO-CASE-Q2-2026-00014,False,True,EVREF-CSE-BRAVO-CASE-Q2-2026-00014-04,False,CSE-BRAVO-CASE-Q2-2026-00014-INV-04,False
2026-05-27T13:51:46Z,Log Correlation Performed,ANALYST-016,CSE-BRAVO-CASE-Q2-2026-00014,False,True,EVREF-CSE-BRAVO-CASE-Q2-2026-00014-05,False,CSE-BRAVO-CASE-Q2-2026-00014-INV-05,False
2026-05-27T17:45:59Z,Escalation Decision Documented,ANALYST-002,CSE-BRAVO-CASE-Q2-2026-00014,False,True,EVREF-CSE-BRAVO-CASE-Q2-2026-00014-06,False,CSE-BRAVO-CASE-Q2-2026-00014-INV-06,False
2026-05-27T21:40:12Z,Evidence Examined,ANALYST-012,CSE-BRAVO-CASE-Q2-2026-00014,False,False,EVREF-CSE-BRAVO-CASE-Q2-2026-00014-07,False,CSE-BRAVO-CASE-Q2-2026-00014-INV-07,False
2026-04-08T03:32:18Z,Disposition Documented,ANALYST-014,CSE-BRAVO-CASE-Q2-2026-00015,True,False,EVREF-CSE-BRAVO-CASE-Q2-2026-00015-01,False,CSE-BRAVO-CASE-Q2-2026-00015-INV-01,False
2026-04-08T06:50:05Z,Remediation Recorded,ANALYST-009,CSE-BRAVO-CASE-Q2-2026-00015,True,False,EVREF-CSE-BRAVO-CASE-Q2-2026-00015-02,True,CSE-BRAVO-CASE-Q2-2026-00015-INV-02,False
2026-04-08T10:07:52Z,Evidence Examined,ANALYST-013,CSE-BRAVO-CASE-Q2-2026-00015,False,True,EVREF-CSE-BRAVO-CASE-Q2-2026-00015-03,False,CSE-BRAVO-CASE-Q2-2026-00015-INV-03,False
2026-04-08T13:25:39Z,Alert Reviewed,ANALYST-008,CSE-BRAVO-CASE-Q2-2026-00015,False,True,,True,CSE-BRAVO-CASE-Q2-2026-00015-INV-04,False
2026-04-08T16:43:26Z,Affected Asset Identified,ANALYST-013,CSE-BRAVO-CASE-Q2-2026-00015,False,False,,False,CSE-BRAVO-CASE-Q2-2026-00015-INV-05,False
2026-04-08T20:01:13Z,Log Correlation Performed,ANALYST-009,CSE-BRAVO-CASE-Q2-2026-00015,False,False,EVREF-CSE-BRAVO-CASE-Q2-2026-00015-06,True,CSE-BRAVO-CASE-Q2-2026-00015-INV-06,False
2026-04-08T23:19:00Z,Containment Action Taken,ANALYST-015,CSE-BRAVO-CASE-Q2-2026-00015,False,False,EVREF-CSE-BRAVO-CASE-Q2-2026-00015-07,True,CSE-BRAVO-CASE-Q2-2026-00015-INV-07,False
2026-04-09T02:36:47Z,Finding Documented,ANALYST-007,CSE-BRAVO-CASE-Q2-2026-00015,True,False,EVREF-CSE-BRAVO-CASE-Q2-2026-00015-08,True,CSE-BRAVO-CASE-Q2-2026-00015-INV-08,False
2026-04-10T04:07:18Z,Escalation Decision Documented,ANALYST-015,CSE-BRAVO-CASE-Q2-2026-00016,True,True,EVREF-CSE-BRAVO-CASE-Q2-2026-00016-01,False,CSE-BRAVO-CASE-Q2-2026-00016-INV-01,False
2026-04-10T08:51:31Z,Remediation Recorded,ANALYST-007,CSE-BRAVO-CASE-Q2-2026-00016,False,False,EVREF-CSE-BRAVO-CASE-Q2-2026-00016-02,True,CSE-BRAVO-CASE-Q2-2026-00016-INV-02,True
2026-04-10T13:35:44Z,Disposition Documented,ANALYST-011,CSE-BRAVO-CASE-Q2-2026-00016,True,True,EVREF-CSE-BRAVO-CASE-Q2-2026-00016-03,False,CSE-BRAVO-CASE-Q2-2026-00016-INV-03,False
2026-04-10T18:19:58Z,Affected Asset Identified,ANALYST-013,CSE-BRAVO-CASE-Q2-2026-00016,True,False,EVREF-CSE-BRAVO-CASE-Q2-2026-00016-04,False,CSE-BRAVO-CASE-Q2-2026-00016-INV-04,False
2026-04-10T23:04:11Z,Finding Documented,ANALYST-002,CSE-BRAVO-CASE-Q2-2026-00016,True,False,EVREF-CSE-BRAVO-CASE-Q2-2026-00016-05,True,CSE-BRAVO-CASE-Q2-2026-00016-INV-05,False
2026-04-11T03:48:25Z,Evidence Examined,ANALYST-002,CSE-BRAVO-CASE-Q2-2026-00016,False,False,EVREF-CSE-BRAVO-CASE-Q2-2026-00016-06,False,CSE-BRAVO-CASE-Q2-2026-00016-INV-06,False
2026-06-15T15:11:04Z,Root Cause Analysis,ANALYST-001,CSE-BRAVO-CASE-Q2-2026-00017,False,True,EVREF-CSE-BRAVO-CASE-Q2-2026-00017-01,True,CSE-BRAVO-CASE-Q2-2026-00017-INV-01,False
2026-06-15T21:51:05Z,Affected Asset Identified,ANALYST-008,CSE-BRAVO-CASE-Q2-2026-00017,False,False,,False,CSE-BRAVO-CASE-Q2-2026-00017-INV-02,False
2026-06-16T04:31:05Z,Remediation Recorded,ANALYST-017,CSE-BRAVO-CASE-Q2-2026-00017,True,False,EVREF-CSE-BRAVO-CASE-Q2-2026-00017-03,True,CSE-BRAVO-CASE-Q2-2026-00017-INV-03,True
2026-06-16T11:11:06Z,Log Correlation Performed,ANALYST-017,CSE-BRAVO-CASE-Q2-2026-00017,True,False,EVREF-CSE-BRAVO-CASE-Q2-2026-00017-04,False,CSE-BRAVO-CASE-Q2-2026-00017-INV-04,False
2026-06-16T17:51:06Z,Disposition Documented,ANALYST-013,CSE-BRAVO-CASE-Q2-2026-00017,True,True,,False,CSE-BRAVO-CASE-Q2-2026-00017-INV-05,False
2026-06-17T00:31:07Z,Containment Action Taken,ANALYST-013,CSE-BRAVO-CASE-Q2-2026-00017,False,True,EVREF-CSE-BRAVO-CASE-Q2-2026-00017-06,False,CSE-BRAVO-CASE-Q2-2026-00017-INV-06,False
2026-06-17T07:11:07Z,Alert Reviewed,ANALYST-017,CSE-BRAVO-CASE-Q2-2026-00017,False,False,EVREF-CSE-BRAVO-CASE-Q2-2026-00017-07,False,CSE-BRAVO-CASE-Q2-2026-00017-INV-07,False
2026-05-09T14:30:41Z,Finding Documented,ANALYST-007,CSE-BRAVO-CASE-Q2-2026-00018,True,False,,True,CSE-BRAVO-CASE-Q2-2026-00018-INV-01,False
2026-05-09T18:23:40Z,Alert Reviewed,ANALYST-014,CSE-BRAVO-CASE-Q2-2026-00018,True,False,EVREF-CSE-BRAVO-CASE-Q2-2026-00018-02,False,CSE-BRAVO-CASE-Q2-2026-00018-INV-02,False
2026-05-09T22:16:39Z,Affected Asset Identified,ANALYST-010,CSE-BRAVO-CASE-Q2-2026-00018,False,True,EVREF-CSE-BRAVO-CASE-Q2-2026-00018-03,True,CSE-BRAVO-CASE-Q2-2026-00018-INV-03,False
2026-05-10T02:09:37Z,Evidence Examined,ANALYST-016,CSE-BRAVO-CASE-Q2-2026-00018,False,False,EVREF-CSE-BRAVO-CASE-Q2-2026-00018-04,False,CSE-BRAVO-CASE-Q2-2026-00018-INV-04,False
2026-05-10T06:02:36Z,Escalation Decision Documented,ANALYST-012,CSE-BRAVO-CASE-Q2-2026-00018,False,True,,False,CSE-BRAVO-CASE-Q2-2026-00018-INV-05,False
2026-05-10T09:55:35Z,Containment Action Taken,ANALYST-009,CSE-BRAVO-CASE-Q2-2026-00018,True,True,EVREF-CSE-BRAVO-CASE-Q2-2026-00018-06,False,CSE-BRAVO-CASE-Q2-2026-00018-INV-06,False
2026-05-10T13:48:33Z,Disposition Documented,ANALYST-009,CSE-BRAVO-CASE-Q2-2026-00018,True,False,,False,CSE-BRAVO-CASE-Q2-2026-00018-INV-07,False
2026-05-13T06:32:26Z,Log Correlation Performed,ANALYST-015,CSE-BRAVO-CASE-Q2-2026-00019,False,False,EVREF-CSE-BRAVO-CASE-Q2-2026-00019-01,False,CSE-BRAVO-CASE-Q2-2026-00019-INV-01,False
2026-05-13T18:36:08Z,Remediation Recorded,ANALYST-017,CSE-BRAVO-CASE-Q2-2026-00019,False,False,EVREF-CSE-BRAVO-CASE-Q2-2026-00019-02,True,CSE-BRAVO-CASE-Q2-2026-00019-INV-02,True
2026-05-14T06:39:50Z,Containment Action Taken,ANALYST-001,CSE-BRAVO-CASE-Q2-2026-00019,True,False,EVREF-CSE-BRAVO-CASE-Q2-2026-00019-03,True,CSE-BRAVO-CASE-Q2-2026-00019-INV-03,False
2026-05-14T18:43:32Z,Root Cause Analysis,ANALYST-002,CSE-BRAVO-CASE-Q2-2026-00019,False,False,EVREF-CSE-BRAVO-CASE-Q2-2026-00019-04,False,CSE-BRAVO-CASE-Q2-2026-00019-INV-04,False
2026-05-15T06:47:14Z,Disposition Documented,ANALYST-002,CSE-BRAVO-CASE-Q2-2026-00019,True,True,,True,CSE-BRAVO-CASE-Q2-2026-00019-INV-05,False
2026-05-15T18:50:56Z,Affected Asset Identified,ANALYST-007,CSE-BRAVO-CASE-Q2-2026-00019,False,False,EVREF-CSE-BRAVO-CASE-Q2-2026-00019-06,True,CSE-BRAVO-CASE-Q2-2026-00019-INV-06,False
2026-05-16T06:54:38Z,Evidence Examined,ANALYST-012,CSE-BRAVO-CASE-Q2-2026-00019,False,False,EVREF-CSE-BRAVO-CASE-Q2-2026-00019-07,False,CSE-BRAVO-CASE-Q2-2026-00019-INV-07,False
2026-05-20T21:02:19Z,Log Correlation Performed,ANALYST-014,CSE-BRAVO-CASE-Q2-2026-00020,True,False,EVREF-CSE-BRAVO-CASE-Q2-2026-00020-01,False,CSE-BRAVO-CASE-Q2-2026-00020-INV-01,False
2026-05-21T00:58:05Z,Affected Asset Identified,ANALYST-004,CSE-BRAVO-CASE-Q2-2026-00020,False,True,EVREF-CSE-BRAVO-CASE-Q2-2026-00020-02,False,CSE-BRAVO-CASE-Q2-2026-00020-INV-02,False
2026-05-21T04:53:51Z,Root Cause Analysis,ANALYST-001,CSE-BRAVO-CASE-Q2-2026-00020,False,True,,True,CSE-BRAVO-CASE-Q2-2026-00020-INV-03,False
2026-05-21T08:49:37Z,Containment Action Taken,ANALYST-008,CSE-BRAVO-CASE-Q2-2026-00020,False,False,EVREF-CSE-BRAVO-CASE-Q2-2026-00020-04,False,CSE-BRAVO-CASE-Q2-2026-00020-INV-04,False
2026-05-21T12:45:22Z,Escalation Decision Documented,ANALYST-016,CSE-BRAVO-CASE-Q2-2026-00020,False,True,,True,CSE-BRAVO-CASE-Q2-2026-00020-INV-05,False
2026-05-21T16:41:08Z,Disposition Documented,ANALYST-015,CSE-BRAVO-CASE-Q2-2026-00020,True,False,EVREF-CSE-BRAVO-CASE-Q2-2026-00020-06,False,CSE-BRAVO-CASE-Q2-2026-00020-INV-06,False
2026-05-21T20:36:54Z,Finding Documented,ANALYST-002,CSE-BRAVO-CASE-Q2-2026-00020,False,False,EVREF-CSE-BRAVO-CASE-Q2-2026-00020-07,True,CSE-BRAVO-CASE-Q2-2026-00020-INV-07,False
2026-05-31T15:39:52Z,Root Cause Analysis,ANALYST-016,CSE-BRAVO-CASE-Q2-2026-00021,False,False,EVREF-CSE-BRAVO-CASE-Q2-2026-00021-01,True,CSE-BRAVO-CASE-Q2-2026-00021-INV-01,False
2026-05-31T20:36:07Z,Log Correlation Performed,ANALYST-009,CSE-BRAVO-CASE-Q2-2026-00021,False,True,EVREF-CSE-BRAVO-CASE-Q2-2026-00021-02,False,CSE-BRAVO-CASE-Q2-2026-00021-INV-02,False
2026-06-01T01:32:22Z,Finding Documented,ANALYST-018,CSE-BRAVO-CASE-Q2-2026-00021,False,False,,True,CSE-BRAVO-CASE-Q2-2026-00021-INV-03,False
2026-06-01T06:28:37Z,Disposition Documented,ANALYST-008,CSE-BRAVO-CASE-Q2-2026-00021,True,True,EVREF-CSE-BRAVO-CASE-Q2-2026-00021-04,True,CSE-BRAVO-CASE-Q2-2026-00021-INV-04,False
2026-06-01T11:24:52Z,Evidence Examined,ANALYST-010,CSE-BRAVO-CASE-Q2-2026-00021,True,True,EVREF-CSE-BRAVO-CASE-Q2-2026-00021-05,False,CSE-BRAVO-CASE-Q2-2026-00021-INV-05,False
2026-06-01T16:21:07Z,Containment Action Taken,ANALYST-006,CSE-BRAVO-CASE-Q2-2026-00021,False,False,EVREF-CSE-BRAVO-CASE-Q2-2026-00021-06,True,CSE-BRAVO-CASE-Q2-2026-00021-INV-06,False
2026-06-01T21:17:22Z,Remediation Recorded,ANALYST-012,CSE-BRAVO-CASE-Q2-2026-00021,True,True,EVREF-CSE-BRAVO-CASE-Q2-2026-00021-07,True,CSE-BRAVO-CASE-Q2-2026-00021-INV-07,True
2026-06-02T02:13:37Z,Alert Reviewed,ANALYST-006,CSE-BRAVO-CASE-Q2-2026-00021,False,False,,True,CSE-BRAVO-CASE-Q2-2026-00021-INV-08,False
2026-05-16T23:43:19Z,Alert Reviewed,ANALYST-017,CSE-BRAVO-CASE-Q2-2026-00022,False,True,EVREF-CSE-BRAVO-CASE-Q2-2026-00022-01,True,CSE-BRAVO-CASE-Q2-2026-00022-INV-01,False
2026-05-17T01:28:27Z,Root Cause Analysis,ANALYST-008,CSE-BRAVO-CASE-Q2-2026-00022,True,False,EVREF-CSE-BRAVO-CASE-Q2-2026-00022-02,False,CSE-BRAVO-CASE-Q2-2026-00022-INV-02,False
2026-05-17T03:13:35Z,Finding Documented,ANALYST-011,CSE-BRAVO-CASE-Q2-2026-00022,False,False,,True,CSE-BRAVO-CASE-Q2-2026-00022-INV-03,False
2026-05-17T04:58:43Z,Disposition Documented,ANALYST-003,CSE-BRAVO-CASE-Q2-2026-00022,True,False,EVREF-CSE-BRAVO-CASE-Q2-2026-00022-04,False,CSE-BRAVO-CASE-Q2-2026-00022-INV-04,False
2026-05-17T06:43:51Z,Evidence Examined,ANALYST-001,CSE-BRAVO-CASE-Q2-2026-00022,False,False,EVREF-CSE-BRAVO-CASE-Q2-2026-00022-05,False,CSE-BRAVO-CASE-Q2-2026-00022-INV-05,False
2026-05-17T08:28:59Z,Affected Asset Identified,ANALYST-005,CSE-BRAVO-CASE-Q2-2026-00022,False,False,EVREF-CSE-BRAVO-CASE-Q2-2026-00022-06,True,CSE-BRAVO-CASE-Q2-2026-00022-INV-06,False
2026-05-17T10:14:07Z,Escalation Decision Documented,ANALYST-007,CSE-BRAVO-CASE-Q2-2026-00022,True,True,EVREF-CSE-BRAVO-CASE-Q2-2026-00022-07,True,CSE-BRAVO-CASE-Q2-2026-00022-INV-07,False
2026-05-21T02:26:19Z,Escalation Decision Documented,ANALYST-006,CSE-BRAVO-CASE-Q2-2026-00023,False,True,EVREF-CSE-BRAVO-CASE-Q2-2026-00023-01,False,CSE-BRAVO-CASE-Q2-2026-00023-INV-01,False
2026-05-21T09:04:53Z,Log Correlation Performed,ANALYST-005,CSE-BRAVO-CASE-Q2-2026-00023,False,True,,False,CSE-BRAVO-CASE-Q2-2026-00023-INV-02,False
2026-05-21T15:43:27Z,Finding Documented,ANALYST-011,CSE-BRAVO-CASE-Q2-2026-00023,False,False,EVREF-CSE-BRAVO-CASE-Q2-2026-00023-03,True,CSE-BRAVO-CASE-Q2-2026-00023-INV-03,False
2026-05-21T22:22:01Z,Disposition Documented,ANALYST-018,CSE-BRAVO-CASE-Q2-2026-00023,True,False,,True,CSE-BRAVO-CASE-Q2-2026-00023-INV-04,False
2026-05-22T05:00:35Z,Containment Action Taken,ANALYST-010,CSE-BRAVO-CASE-Q2-2026-00023,False,False,EVREF-CSE-BRAVO-CASE-Q2-2026-00023-05,False,CSE-BRAVO-CASE-Q2-2026-00023-INV-05,False
2026-05-22T11:39:09Z,Root Cause Analysis,ANALYST-014,CSE-BRAVO-CASE-Q2-2026-00023,True,False,EVREF-CSE-BRAVO-CASE-Q2-2026-00023-06,False,CSE-BRAVO-CASE-Q2-2026-00023-INV-06,False
2026-05-22T18:17:43Z,Remediation Recorded,ANALYST-013,CSE-BRAVO-CASE-Q2-2026-00023,False,False,EVREF-CSE-BRAVO-CASE-Q2-2026-00023-07,True,CSE-BRAVO-CASE-Q2-2026-00023-INV-07,True
2026-05-23T00:56:17Z,Alert Reviewed,ANALYST-012,CSE-BRAVO-CASE-Q2-2026-00023,False,False,EVREF-CSE-BRAVO-CASE-Q2-2026-00023-08,True,CSE-BRAVO-CASE-Q2-2026-00023-INV-08,False
2026-05-16T04:10:58Z,Evidence Examined,ANALYST-007,CSE-BRAVO-CASE-Q2-2026-00024,True,True,EVREF-CSE-BRAVO-CASE-Q2-2026-00024-01,False,CSE-BRAVO-CASE-Q2-2026-00024-INV-01,False
2026-05-16T15:40:38Z,Root Cause Analysis,ANALYST-003,CSE-BRAVO-CASE-Q2-2026-00024,True,True,EVREF-CSE-BRAVO-CASE-Q2-2026-00024-02,True,CSE-BRAVO-CASE-Q2-2026-00024-INV-02,False
2026-05-17T03:10:17Z,Containment Action Taken,ANALYST-010,CSE-BRAVO-CASE-Q2-2026-00024,False,False,EVREF-CSE-BRAVO-CASE-Q2-2026-00024-03,True,CSE-BRAVO-CASE-Q2-2026-00024-INV-03,False
2026-05-17T14:39:57Z,Escalation Decision Documented,ANALYST-018,CSE-BRAVO-CASE-Q2-2026-00024,False,True,,True,CSE-BRAVO-CASE-Q2-2026-00024-INV-04,False
2026-05-18T02:09:37Z,Finding Documented,ANALYST-015,CSE-BRAVO-CASE-Q2-2026-00024,True,False,EVREF-CSE-BRAVO-CASE-Q2-2026-00024-05,True,CSE-BRAVO-CASE-Q2-2026-00024-INV-05,False
2026-05-20T11:06:50Z,Finding Documented,ANALYST-018,CSE-BRAVO-CASE-Q2-2026-00025,False,False,EVREF-CSE-BRAVO-CASE-Q2-2026-00025-01,True,CSE-BRAVO-CASE-Q2-2026-00025-INV-01,False
2026-05-20T14:52:36Z,Containment Action Taken,ANALYST-012,CSE-BRAVO-CASE-Q2-2026-00025,False,True,,True,CSE-BRAVO-CASE-Q2-2026-00025-INV-02,False
2026-05-20T18:38:21Z,Affected Asset Identified,ANALYST-007,CSE-BRAVO-CASE-Q2-2026-00025,False,False,EVREF-CSE-BRAVO-CASE-Q2-2026-00025-03,False,CSE-BRAVO-CASE-Q2-2026-00025-INV-03,False
2026-05-20T22:24:07Z,Disposition Documented,ANALYST-002,CSE-BRAVO-CASE-Q2-2026-00025,True,False,EVREF-CSE-BRAVO-CASE-Q2-2026-00025-04,True,CSE-BRAVO-CASE-Q2-2026-00025-INV-04,False
2026-05-21T02:09:52Z,Remediation Recorded,ANALYST-009,CSE-BRAVO-CASE-Q2-2026-00025,False,False,EVREF-CSE-BRAVO-CASE-Q2-2026-00025-05,False,CSE-BRAVO-CASE-Q2-2026-00025-INV-05,True
2026-05-21T05:55:38Z,Log Correlation Performed,ANALYST-001,CSE-BRAVO-CASE-Q2-2026-00025,False,False,EVREF-CSE-BRAVO-CASE-Q2-2026-00025-06,False,CSE-BRAVO-CASE-Q2-2026-00025-INV-06,False
2026-05-21T09:41:23Z,Evidence Examined,ANALYST-004,CSE-BRAVO-CASE-Q2-2026-00025,True,False,EVREF-CSE-BRAVO-CASE-Q2-2026-00025-07,False,CSE-BRAVO-CASE-Q2-2026-00025-INV-07,False
2026-06-05T19:40:06Z,Disposition Documented,ANALYST-005,CSE-BRAVO-CASE-Q2-2026-00026,True,True,EVREF-CSE-BRAVO-CASE-Q2-2026-00026-01,True,CSE-BRAVO-CASE-Q2-2026-00026-INV-01,False
2026-06-06T00:28:24Z,Affected Asset Identified,ANALYST-009,CSE-BRAVO-CASE-Q2-2026-00026,False,False,EVREF-CSE-BRAVO-CASE-Q2-2026-00026-02,True,CSE-BRAVO-CASE-Q2-2026-00026-INV-02,False
2026-06-06T05:16:42Z,Evidence Examined,ANALYST-018,CSE-BRAVO-CASE-Q2-2026-00026,False,False,EVREF-CSE-BRAVO-CASE-Q2-2026-00026-03,False,CSE-BRAVO-CASE-Q2-2026-00026-INV-03,False
2026-06-06T10:05:01Z,Containment Action Taken,ANALYST-007,CSE-BRAVO-CASE-Q2-2026-00026,False,False,EVREF-CSE-BRAVO-CASE-Q2-2026-00026-04,True,CSE-BRAVO-CASE-Q2-2026-00026-INV-04,False
2026-06-06T14:53:19Z,Log Correlation Performed,ANALYST-007,CSE-BRAVO-CASE-Q2-2026-00026,True,True,,False,CSE-BRAVO-CASE-Q2-2026-00026-INV-05,False
2026-06-06T19:41:37Z,Root Cause Analysis,ANALYST-008,CSE-BRAVO-CASE-Q2-2026-00026,True,False,EVREF-CSE-BRAVO-CASE-Q2-2026-00026-06,True,CSE-BRAVO-CASE-Q2-2026-00026-INV-06,False
2026-05-31T06:37:01Z,Root Cause Analysis,ANALYST-005,CSE-BRAVO-CASE-Q2-2026-00027,False,False,EVREF-CSE-BRAVO-CASE-Q2-2026-00027-01,True,CSE-BRAVO-CASE-Q2-2026-00027-INV-01,False
2026-06-03T21:58:06Z,Containment Action Taken,ANALYST-002,CSE-BRAVO-CASE-Q2-2026-00028,False,True,EVREF-CSE-BRAVO-CASE-Q2-2026-00028-01,False,CSE-BRAVO-CASE-Q2-2026-00028-INV-01,False
2026-06-04T04:00:09Z,Log Correlation Performed,ANALYST-007,CSE-BRAVO-CASE-Q2-2026-00028,False,True,,False,CSE-BRAVO-CASE-Q2-2026-00028-INV-02,False
2026-06-04T10:02:11Z,Affected Asset Identified,ANALYST-014,CSE-BRAVO-CASE-Q2-2026-00028,False,True,EVREF-CSE-BRAVO-CASE-Q2-2026-00028-03,True,CSE-BRAVO-CASE-Q2-2026-00028-INV-03,False
2026-06-04T16:04:13Z,Remediation Recorded,ANALYST-015,CSE-BRAVO-CASE-Q2-2026-00028,False,False,EVREF-CSE-BRAVO-CASE-Q2-2026-00028-04,False,CSE-BRAVO-CASE-Q2-2026-00028-INV-04,True
2026-06-04T22:06:15Z,Root Cause Analysis,ANALYST-001,CSE-BRAVO-CASE-Q2-2026-00028,False,True,EVREF-CSE-BRAVO-CASE-Q2-2026-00028-05,False,CSE-BRAVO-CASE-Q2-2026-00028-INV-05,False
2026-06-05T04:08:17Z,Alert Reviewed,ANALYST-010,CSE-BRAVO-CASE-Q2-2026-00028,False,False,EVREF-CSE-BRAVO-CASE-Q2-2026-00028-06,False,CSE-BRAVO-CASE-Q2-2026-00028-INV-06,False
2026-06-05T10:10:19Z,Evidence Examined,ANALYST-001,CSE-BRAVO-CASE-Q2-2026-00028,False,False,EVREF-CSE-BRAVO-CASE-Q2-2026-00028-07,False,CSE-BRAVO-CASE-Q2-2026-00028-INV-07,False
2026-06-05T16:12:22Z,Escalation Decision Documented,ANALYST-006,CSE-BRAVO-CASE-Q2-2026-00028,False,True,EVREF-CSE-BRAVO-CASE-Q2-2026-00028-08,True,CSE-BRAVO-CASE-Q2-2026-00028-INV-08,False
2026-05-11T12:21:17Z,Root Cause Analysis,ANALYST-011,CSE-BRAVO-CASE-Q2-2026-00029,False,False,,False,CSE-BRAVO-CASE-Q2-2026-00029-INV-01,False
2026-05-11T16:28:16Z,Affected Asset Identified,ANALYST-004,CSE-BRAVO-CASE-Q2-2026-00029,False,False,EVREF-CSE-BRAVO-CASE-Q2-2026-00029-02,True,CSE-BRAVO-CASE-Q2-2026-00029-INV-02,False
2026-05-11T20:35:16Z,Finding Documented,ANALYST-011,CSE-BRAVO-CASE-Q2-2026-00029,False,True,EVREF-CSE-BRAVO-CASE-Q2-2026-00029-03,True,CSE-BRAVO-CASE-Q2-2026-00029-INV-03,False
2026-05-12T00:42:15Z,Containment Action Taken,ANALYST-001,CSE-BRAVO-CASE-Q2-2026-00029,True,False,EVREF-CSE-BRAVO-CASE-Q2-2026-00029-04,False,CSE-BRAVO-CASE-Q2-2026-00029-INV-04,False
2026-05-12T04:49:14Z,Log Correlation Performed,ANALYST-002,CSE-BRAVO-CASE-Q2-2026-00029,False,False,,False,CSE-BRAVO-CASE-Q2-2026-00029-INV-05,False
2026-05-12T08:56:13Z,Alert Reviewed,ANALYST-007,CSE-BRAVO-CASE-Q2-2026-00029,False,False,EVREF-CSE-BRAVO-CASE-Q2-2026-00029-06,False,CSE-BRAVO-CASE-Q2-2026-00029-INV-06,False
2026-05-12T13:03:12Z,Evidence Examined,ANALYST-003,CSE-BRAVO-CASE-Q2-2026-00029,False,False,EVREF-CSE-BRAVO-CASE-Q2-2026-00029-07,True,CSE-BRAVO-CASE-Q2-2026-00029-INV-07,False
2026-05-12T17:10:12Z,Escalation Decision Documented,ANALYST-013,CSE-BRAVO-CASE-Q2-2026-00029,False,True,,False,CSE-BRAVO-CASE-Q2-2026-00029-INV-08,False
2026-06-11T08:30:00Z,Escalation Decision Documented,ANALYST-015,CSE-BRAVO-CASE-Q2-2026-00030,True,True,EVREF-CSE-BRAVO-CASE-Q2-2026-00030-01,False,CSE-BRAVO-CASE-Q2-2026-00030-INV-01,False
2026-06-11T15:12:45Z,Disposition Documented,ANALYST-011,CSE-BRAVO-CASE-Q2-2026-00030,True,False,EVREF-CSE-BRAVO-CASE-Q2-2026-00030-02,True,CSE-BRAVO-CASE-Q2-2026-00030-INV-02,False
2026-06-11T21:55:31Z,Affected Asset Identified,ANALYST-001,CSE-BRAVO-CASE-Q2-2026-00030,False,False,,False,CSE-BRAVO-CASE-Q2-2026-00030-INV-03,False
2026-06-12T04:38:16Z,Containment Action Taken,ANALYST-012,CSE-BRAVO-CASE-Q2-2026-00030,False,False,EVREF-CSE-BRAVO-CASE-Q2-2026-00030-04,True,CSE-BRAVO-CASE-Q2-2026-00030-INV-04,False
2026-06-12T11:21:02Z,Remediation Recorded,ANALYST-013,CSE-BRAVO-CASE-Q2-2026-00030,False,True,,False,CSE-BRAVO-CASE-Q2-2026-00030-INV-05,False
2026-06-12T18:03:47Z,Evidence Examined,ANALYST-018,CSE-BRAVO-CASE-Q2-2026-00030,False,False,EVREF-CSE-BRAVO-CASE-Q2-2026-00030-06,False,CSE-BRAVO-CASE-Q2-2026-00030-INV-06,False
2026-06-13T00:46:33Z,Log Correlation Performed,ANALYST-014,CSE-BRAVO-CASE-Q2-2026-00030,True,False,EVREF-CSE-BRAVO-CASE-Q2-2026-00030-07,True,CSE-BRAVO-CASE-Q2-2026-00030-INV-07,False
2026-06-17T20:16:00Z,Escalation Decision Documented,ANALYST-002,CSE-BRAVO-CASE-Q2-2026-00031,False,True,EVREF-CSE-BRAVO-CASE-Q2-2026-00031-01,False,CSE-BRAVO-CASE-Q2-2026-00031-INV-01,False
2026-06-18T03:05:22Z,Alert Reviewed,ANALYST-003,CSE-BRAVO-CASE-Q2-2026-00031,True,False,,True,CSE-BRAVO-CASE-Q2-2026-00031-INV-02,False
2026-06-18T09:54:43Z,Log Correlation Performed,ANALYST-017,CSE-BRAVO-CASE-Q2-2026-00031,True,False,,False,CSE-BRAVO-CASE-Q2-2026-00031-INV-03,False
2026-06-18T16:44:05Z,Affected Asset Identified,ANALYST-002,CSE-BRAVO-CASE-Q2-2026-00031,False,False,EVREF-CSE-BRAVO-CASE-Q2-2026-00031-04,True,CSE-BRAVO-CASE-Q2-2026-00031-INV-04,False
2026-06-18T23:33:27Z,Evidence Examined,ANALYST-009,CSE-BRAVO-CASE-Q2-2026-00031,False,True,EVREF-CSE-BRAVO-CASE-Q2-2026-00031-05,False,CSE-BRAVO-CASE-Q2-2026-00031-INV-05,False
2026-06-19T06:22:48Z,Containment Action Taken,ANALYST-011,CSE-BRAVO-CASE-Q2-2026-00031,False,True,EVREF-CSE-BRAVO-CASE-Q2-2026-00031-06,True,CSE-BRAVO-CASE-Q2-2026-00031-INV-06,False
2026-06-19T13:12:10Z,Remediation Recorded,ANALYST-013,CSE-BRAVO-CASE-Q2-2026-00031,False,False,EVREF-CSE-BRAVO-CASE-Q2-2026-00031-07,False,CSE-BRAVO-CASE-Q2-2026-00031-INV-07,False
2026-06-09T18:14:27Z,Affected Asset Identified,ANALYST-007,CSE-BRAVO-CASE-Q2-2026-00032,False,False,EVREF-CSE-BRAVO-CASE-Q2-2026-00032-01,True,CSE-BRAVO-CASE-Q2-2026-00032-INV-01,False
2026-06-09T18:29:33Z,Finding Documented,ANALYST-005,CSE-BRAVO-CASE-Q2-2026-00032,False,False,EVREF-CSE-BRAVO-CASE-Q2-2026-00032-02,True,CSE-BRAVO-CASE-Q2-2026-00032-INV-02,False
2026-05-29T23:36:14Z,Root Cause Analysis,ANALYST-007,CSE-BRAVO-CASE-Q2-2026-00033,False,False,EVREF-CSE-BRAVO-CASE-Q2-2026-00033-01,False,CSE-BRAVO-CASE-Q2-2026-00033-INV-01,False
2026-05-30T03:47:04Z,Log Correlation Performed,ANALYST-012,CSE-BRAVO-CASE-Q2-2026-00033,False,False,EVREF-CSE-BRAVO-CASE-Q2-2026-00033-02,True,CSE-BRAVO-CASE-Q2-2026-00033-INV-02,False
2026-05-30T07:57:54Z,Finding Documented,ANALYST-013,CSE-BRAVO-CASE-Q2-2026-00033,True,False,EVREF-CSE-BRAVO-CASE-Q2-2026-00033-03,True,CSE-BRAVO-CASE-Q2-2026-00033-INV-03,False
2026-05-30T12:08:45Z,Containment Action Taken,ANALYST-007,CSE-BRAVO-CASE-Q2-2026-00033,False,False,EVREF-CSE-BRAVO-CASE-Q2-2026-00033-04,False,CSE-BRAVO-CASE-Q2-2026-00033-INV-04,False
2026-05-30T16:19:35Z,Remediation Recorded,ANALYST-009,CSE-BRAVO-CASE-Q2-2026-00033,False,False,,True,CSE-BRAVO-CASE-Q2-2026-00033-INV-05,True
2026-05-30T20:30:26Z,Evidence Examined,ANALYST-001,CSE-BRAVO-CASE-Q2-2026-00033,True,False,EVREF-CSE-BRAVO-CASE-Q2-2026-00033-06,True,CSE-BRAVO-CASE-Q2-2026-00033-INV-06,False
2026-05-31T00:41:16Z,Affected Asset Identified,ANALYST-001,CSE-BRAVO-CASE-Q2-2026-00033,False,False,EVREF-CSE-BRAVO-CASE-Q2-2026-00033-07,False,CSE-BRAVO-CASE-Q2-2026-00033-INV-07,False
2026-05-31T04:52:06Z,Disposition Documented,ANALYST-010,CSE-BRAVO-CASE-Q2-2026-00033,True,False,EVREF-CSE-BRAVO-CASE-Q2-2026-00033-08,True,CSE-BRAVO-CASE-Q2-2026-00033-INV-08,False
2026-06-10T19:40:56Z,Root Cause Analysis,ANALYST-018,CSE-BRAVO-CASE-Q2-2026-00034,True,True,EVREF-CSE-BRAVO-CASE-Q2-2026-00034-01,True,CSE-BRAVO-CASE-Q2-2026-00034-INV-01,False
2026-06-10T21:37:16Z,Remediation Recorded,ANALYST-010,CSE-BRAVO-CASE-Q2-2026-00034,False,False,,False,CSE-BRAVO-CASE-Q2-2026-00034-INV-02,True
2026-06-10T23:33:36Z,Containment Action Taken,ANALYST-015,CSE-BRAVO-CASE-Q2-2026-00034,False,False,EVREF-CSE-BRAVO-CASE-Q2-2026-00034-03,False,CSE-BRAVO-CASE-Q2-2026-00034-INV-03,False
2026-06-11T01:29:56Z,Finding Documented,ANALYST-016,CSE-BRAVO-CASE-Q2-2026-00034,True,False,EVREF-CSE-BRAVO-CASE-Q2-2026-00034-04,True,CSE-BRAVO-CASE-Q2-2026-00034-INV-04,False
2026-06-11T03:26:16Z,Escalation Decision Documented,ANALYST-011,CSE-BRAVO-CASE-Q2-2026-00034,False,True,,True,CSE-BRAVO-CASE-Q2-2026-00034-INV-05,False
2026-06-11T05:22:36Z,Affected Asset Identified,ANALYST-008,CSE-BRAVO-CASE-Q2-2026-00034,False,False,EVREF-CSE-BRAVO-CASE-Q2-2026-00034-06,False,CSE-BRAVO-CASE-Q2-2026-00034-INV-06,False
2026-06-11T07:18:55Z,Evidence Examined,ANALYST-016,CSE-BRAVO-CASE-Q2-2026-00034,True,True,EVREF-CSE-BRAVO-CASE-Q2-2026-00034-07,True,CSE-BRAVO-CASE-Q2-2026-00034-INV-07,False
2026-06-11T09:15:15Z,Log Correlation Performed,ANALYST-017,CSE-BRAVO-CASE-Q2-2026-00034,True,False,EVREF-CSE-BRAVO-CASE-Q2-2026-00034-08,True,CSE-BRAVO-CASE-Q2-2026-00034-INV-08,False
2026-06-22T08:31:50Z,Root Cause Analysis,ANALYST-012,CSE-BRAVO-CASE-Q2-2026-00035,False,True,EVREF-CSE-BRAVO-CASE-Q2-2026-00035-01,False,CSE-BRAVO-CASE-Q2-2026-00035-INV-01,False
2026-06-22T12:26:13Z,Log Correlation Performed,ANALYST-003,CSE-BRAVO-CASE-Q2-2026-00035,False,False,EVREF-CSE-BRAVO-CASE-Q2-2026-00035-02,False,CSE-BRAVO-CASE-Q2-2026-00035-INV-02,False
2026-06-22T16:20:37Z,Remediation Recorded,ANALYST-016,CSE-BRAVO-CASE-Q2-2026-00035,True,False,,False,CSE-BRAVO-CASE-Q2-2026-00035-INV-03,False
2026-06-22T20:15:00Z,Evidence Examined,ANALYST-007,CSE-BRAVO-CASE-Q2-2026-00035,True,False,EVREF-CSE-BRAVO-CASE-Q2-2026-00035-04,True,CSE-BRAVO-CASE-Q2-2026-00035-INV-04,False
2026-06-23T00:09:23Z,Alert Reviewed,ANALYST-012,CSE-BRAVO-CASE-Q2-2026-00035,False,False,,False,CSE-BRAVO-CASE-Q2-2026-00035-INV-05,False
2026-06-23T04:03:47Z,Escalation Decision Documented,ANALYST-008,CSE-BRAVO-CASE-Q2-2026-00035,False,True,,True,CSE-BRAVO-CASE-Q2-2026-00035-INV-06,False
2026-06-23T07:58:10Z,Affected Asset Identified,ANALYST-008,CSE-BRAVO-CASE-Q2-2026-00035,True,False,EVREF-CSE-BRAVO-CASE-Q2-2026-00035-07,False,CSE-BRAVO-CASE-Q2-2026-00035-INV-07,False
2026-06-23T11:52:33Z,Containment Action Taken,ANALYST-012,CSE-BRAVO-CASE-Q2-2026-00035,True,False,EVREF-CSE-BRAVO-CASE-Q2-2026-00035-08,False,CSE-BRAVO-CASE-Q2-2026-00035-INV-08,False
2026-05-15T17:19:17Z,Containment Action Taken,ANALYST-002,CSE-BRAVO-CASE-Q2-2026-00036,False,False,EVREF-CSE-BRAVO-CASE-Q2-2026-00036-01,False,CSE-BRAVO-CASE-Q2-2026-00036-INV-01,False
2026-05-16T01:08:25Z,Evidence Examined,ANALYST-005,CSE-BRAVO-CASE-Q2-2026-00036,False,False,EVREF-CSE-BRAVO-CASE-Q2-2026-00036-02,False,CSE-BRAVO-CASE-Q2-2026-00036-INV-02,False
2026-05-16T08:57:33Z,Remediation Recorded,ANALYST-005,CSE-BRAVO-CASE-Q2-2026-00036,False,False,EVREF-CSE-BRAVO-CASE-Q2-2026-00036-03,False,CSE-BRAVO-CASE-Q2-2026-00036-INV-03,True
2026-05-16T16:46:40Z,Affected Asset Identified,ANALYST-003,CSE-BRAVO-CASE-Q2-2026-00036,True,False,,False,CSE-BRAVO-CASE-Q2-2026-00036-INV-04,False
2026-05-17T00:35:48Z,Log Correlation Performed,ANALYST-001,CSE-BRAVO-CASE-Q2-2026-00036,True,False,EVREF-CSE-BRAVO-CASE-Q2-2026-00036-05,False,CSE-BRAVO-CASE-Q2-2026-00036-INV-05,False
2026-05-17T08:24:55Z,Root Cause Analysis,ANALYST-005,CSE-BRAVO-CASE-Q2-2026-00036,False,False,EVREF-CSE-BRAVO-CASE-Q2-2026-00036-06,True,CSE-BRAVO-CASE-Q2-2026-00036-INV-06,False
2026-05-25T23:25:29Z,Log Correlation Performed,ANALYST-015,CSE-BRAVO-CASE-Q2-2026-00037,False,False,,True,CSE-BRAVO-CASE-Q2-2026-00037-INV-01,False
2026-05-26T07:28:39Z,Remediation Recorded,ANALYST-010,CSE-BRAVO-CASE-Q2-2026-00037,False,False,EVREF-CSE-BRAVO-CASE-Q2-2026-00037-02,True,CSE-BRAVO-CASE-Q2-2026-00037-INV-02,False
2026-05-26T15:31:49Z,Escalation Decision Documented,ANALYST-004,CSE-BRAVO-CASE-Q2-2026-00037,False,True,EVREF-CSE-BRAVO-CASE-Q2-2026-00037-03,True,CSE-BRAVO-CASE-Q2-2026-00037-INV-03,False
2026-05-26T23:34:59Z,Alert Reviewed,ANALYST-009,CSE-BRAVO-CASE-Q2-2026-00037,False,False,EVREF-CSE-BRAVO-CASE-Q2-2026-00037-04,False,CSE-BRAVO-CASE-Q2-2026-00037-INV-04,False
2026-05-27T07:38:09Z,Root Cause Analysis,ANALYST-012,CSE-BRAVO-CASE-Q2-2026-00037,True,False,,False,CSE-BRAVO-CASE-Q2-2026-00037-INV-05,False
2026-05-27T15:41:19Z,Finding Documented,ANALYST-014,CSE-BRAVO-CASE-Q2-2026-00037,False,False,,True,CSE-BRAVO-CASE-Q2-2026-00037-INV-06,False
2026-05-27T23:44:30Z,Affected Asset Identified,ANALYST-002,CSE-BRAVO-CASE-Q2-2026-00037,True,True,EVREF-CSE-BRAVO-CASE-Q2-2026-00037-07,False,CSE-BRAVO-CASE-Q2-2026-00037-INV-07,False
2026-05-12T14:49:22Z,Containment Action Taken,ANALYST-018,CSE-BRAVO-CASE-Q2-2026-00038,False,False,,True,CSE-BRAVO-CASE-Q2-2026-00038-INV-01,False
2026-05-12T14:56:00Z,Remediation Recorded,ANALYST-012,CSE-BRAVO-CASE-Q2-2026-00038,False,True,EVREF-CSE-BRAVO-CASE-Q2-2026-00038-02,False,CSE-BRAVO-CASE-Q2-2026-00038-INV-02,False
2026-05-08T16:08:56Z,Log Correlation Performed,ANALYST-011,CSE-BRAVO-CASE-Q2-2026-00039,False,False,EVREF-CSE-BRAVO-CASE-Q2-2026-00039-01,True,CSE-BRAVO-CASE-Q2-2026-00039-INV-01,False
2026-05-09T01:01:17Z,Root Cause Analysis,ANALYST-013,CSE-BRAVO-CASE-Q2-2026-00039,True,True,EVREF-CSE-BRAVO-CASE-Q2-2026-00039-02,False,CSE-BRAVO-CASE-Q2-2026-00039-INV-02,False
2026-05-09T09:53:38Z,Disposition Documented,ANALYST-010,CSE-BRAVO-CASE-Q2-2026-00039,True,False,EVREF-CSE-BRAVO-CASE-Q2-2026-00039-03,False,CSE-BRAVO-CASE-Q2-2026-00039-INV-03,False
2026-05-09T18:45:59Z,Escalation Decision Documented,ANALYST-018,CSE-BRAVO-CASE-Q2-2026-00039,False,True,EVREF-CSE-BRAVO-CASE-Q2-2026-00039-04,False,CSE-BRAVO-CASE-Q2-2026-00039-INV-04,False
2026-05-10T03:38:20Z,Finding Documented,ANALYST-009,CSE-BRAVO-CASE-Q2-2026-00039,False,True,EVREF-CSE-BRAVO-CASE-Q2-2026-00039-05,True,CSE-BRAVO-CASE-Q2-2026-00039-INV-05,False
2026-05-10T12:30:41Z,Remediation Recorded,ANALYST-006,CSE-BRAVO-CASE-Q2-2026-00039,False,False,EVREF-CSE-BRAVO-CASE-Q2-2026-00039-06,False,CSE-BRAVO-CASE-Q2-2026-00039-INV-06,False
2026-05-10T21:23:02Z,Evidence Examined,ANALYST-018,CSE-BRAVO-CASE-Q2-2026-00039,False,False,EVREF-CSE-BRAVO-CASE-Q2-2026-00039-07,False,CSE-BRAVO-CASE-Q2-2026-00039-INV-07,False
2026-05-11T06:15:23Z,Alert Reviewed,ANALYST-016,CSE-BRAVO-CASE-Q2-2026-00039,False,False,EVREF-CSE-BRAVO-CASE-Q2-2026-00039-08,False,CSE-BRAVO-CASE-Q2-2026-00039-INV-08,False
2026-06-20T19:10:54Z,Alert Reviewed,ANALYST-004,CSE-BRAVO-CASE-Q2-2026-00040,False,False,,True,CSE-BRAVO-CASE-Q2-2026-00040-INV-01,False
2026-06-20T22:51:03Z,Escalation Decision Documented,ANALYST-005,CSE-BRAVO-CASE-Q2-2026-00040,True,True,EVREF-CSE-BRAVO-CASE-Q2-2026-00040-02,True,CSE-BRAVO-CASE-Q2-2026-00040-INV-02,False
2026-06-21T02:31:12Z,Log Correlation Performed,ANALYST-009,CSE-BRAVO-CASE-Q2-2026-00040,False,False,EVREF-CSE-BRAVO-CASE-Q2-2026-00040-03,False,CSE-BRAVO-CASE-Q2-2026-00040-INV-03,False
2026-06-21T06:11:21Z,Evidence Examined,ANALYST-013,CSE-BRAVO-CASE-Q2-2026-00040,False,False,EVREF-CSE-BRAVO-CASE-Q2-2026-00040-04,True,CSE-BRAVO-CASE-Q2-2026-00040-INV-04,False
2026-06-21T09:51:29Z,Remediation Recorded,ANALYST-011,CSE-BRAVO-CASE-Q2-2026-00040,False,False,EVREF-CSE-BRAVO-CASE-Q2-2026-00040-05,True,CSE-BRAVO-CASE-Q2-2026-00040-INV-05,True
2026-06-21T13:31:38Z,Affected Asset Identified,ANALYST-015,CSE-BRAVO-CASE-Q2-2026-00040,False,False,EVREF-CSE-BRAVO-CASE-Q2-2026-00040-06,True,CSE-BRAVO-CASE-Q2-2026-00040-INV-06,False
2026-06-21T17:11:47Z,Disposition Documented,ANALYST-017,CSE-BRAVO-CASE-Q2-2026-00040,True,False,EVREF-CSE-BRAVO-CASE-Q2-2026-00040-07,False,CSE-BRAVO-CASE-Q2-2026-00040-INV-07,False
2026-06-21T20:51:56Z,Root Cause Analysis,ANALYST-009,CSE-BRAVO-CASE-Q2-2026-00040,True,True,EVREF-CSE-BRAVO-CASE-Q2-2026-00040-08,False,CSE-BRAVO-CASE-Q2-2026-00040-INV-08,False
2026-05-15T12:41:47Z,Root Cause Analysis,ANALYST-008,CSE-BRAVO-CASE-Q2-2026-00041,False,False,,False,CSE-BRAVO-CASE-Q2-2026-00041-INV-01,False
2026-05-15T16:05:15Z,Evidence Examined,ANALYST-014,CSE-BRAVO-CASE-Q2-2026-00041,False,False,EVREF-CSE-BRAVO-CASE-Q2-2026-00041-02,True,CSE-BRAVO-CASE-Q2-2026-00041-INV-02,False
2026-05-15T19:28:44Z,Disposition Documented,ANALYST-003,CSE-BRAVO-CASE-Q2-2026-00041,True,False,EVREF-CSE-BRAVO-CASE-Q2-2026-00041-03,True,CSE-BRAVO-CASE-Q2-2026-00041-INV-03,False
2026-05-15T22:52:12Z,Containment Action Taken,ANALYST-016,CSE-BRAVO-CASE-Q2-2026-00041,False,True,,False,CSE-BRAVO-CASE-Q2-2026-00041-INV-04,False
2026-05-16T02:15:40Z,Escalation Decision Documented,ANALYST-013,CSE-BRAVO-CASE-Q2-2026-00041,True,True,EVREF-CSE-BRAVO-CASE-Q2-2026-00041-05,True,CSE-BRAVO-CASE-Q2-2026-00041-INV-05,False
2026-05-16T05:39:08Z,Affected Asset Identified,ANALYST-016,CSE-BRAVO-CASE-Q2-2026-00041,False,True,EVREF-CSE-BRAVO-CASE-Q2-2026-00041-06,True,CSE-BRAVO-CASE-Q2-2026-00041-INV-06,False
2026-05-16T09:02:36Z,Log Correlation Performed,ANALYST-006,CSE-BRAVO-CASE-Q2-2026-00041,False,False,EVREF-CSE-BRAVO-CASE-Q2-2026-00041-07,False,CSE-BRAVO-CASE-Q2-2026-00041-INV-07,False
2026-05-16T12:26:04Z,Alert Reviewed,ANALYST-014,CSE-BRAVO-CASE-Q2-2026-00041,False,True,EVREF-CSE-BRAVO-CASE-Q2-2026-00041-08,True,CSE-BRAVO-CASE-Q2-2026-00041-INV-08,False
2026-05-31T03:27:11Z,Affected Asset Identified,ANALYST-016,CSE-BRAVO-CASE-Q2-2026-00042,False,True,EVREF-CSE-BRAVO-CASE-Q2-2026-00042-01,False,CSE-BRAVO-CASE-Q2-2026-00042-INV-01,False
2026-05-31T08:32:03Z,Log Correlation Performed,ANALYST-012,CSE-BRAVO-CASE-Q2-2026-00042,False,False,EVREF-CSE-BRAVO-CASE-Q2-2026-00042-02,False,CSE-BRAVO-CASE-Q2-2026-00042-INV-02,False
2026-05-31T13:36:55Z,Alert Reviewed,ANALYST-005,CSE-BRAVO-CASE-Q2-2026-00042,False,True,EVREF-CSE-BRAVO-CASE-Q2-2026-00042-03,False,CSE-BRAVO-CASE-Q2-2026-00042-INV-03,False
2026-05-31T18:41:47Z,Root Cause Analysis,ANALYST-003,CSE-BRAVO-CASE-Q2-2026-00042,False,False,,False,CSE-BRAVO-CASE-Q2-2026-00042-INV-04,False
2026-05-31T23:46:39Z,Disposition Documented,ANALYST-003,CSE-BRAVO-CASE-Q2-2026-00042,True,False,EVREF-CSE-BRAVO-CASE-Q2-2026-00042-05,False,CSE-BRAVO-CASE-Q2-2026-00042-INV-05,False
2026-06-01T04:51:31Z,Remediation Recorded,ANALYST-014,CSE-BRAVO-CASE-Q2-2026-00042,False,True,EVREF-CSE-BRAVO-CASE-Q2-2026-00042-06,False,CSE-BRAVO-CASE-Q2-2026-00042-INV-06,True
2026-06-01T09:56:23Z,Escalation Decision Documented,ANALYST-001,CSE-BRAVO-CASE-Q2-2026-00042,False,True,EVREF-CSE-BRAVO-CASE-Q2-2026-00042-07,False,CSE-BRAVO-CASE-Q2-2026-00042-INV-07,False
2026-05-22T06:25:46Z,Remediation Recorded,ANALYST-008,CSE-BRAVO-CASE-Q2-2026-00043,True,False,,True,CSE-BRAVO-CASE-Q2-2026-00043-INV-01,False
2026-05-22T11:09:12Z,Finding Documented,ANALYST-002,CSE-BRAVO-CASE-Q2-2026-00043,False,True,EVREF-CSE-BRAVO-CASE-Q2-2026-00043-02,True,CSE-BRAVO-CASE-Q2-2026-00043-INV-02,False
2026-05-22T15:52:38Z,Escalation Decision Documented,ANALYST-009,CSE-BRAVO-CASE-Q2-2026-00043,True,True,EVREF-CSE-BRAVO-CASE-Q2-2026-00043-03,False,CSE-BRAVO-CASE-Q2-2026-00043-INV-03,False
2026-05-22T20:36:04Z,Alert Reviewed,ANALYST-010,CSE-BRAVO-CASE-Q2-2026-00043,False,False,EVREF-CSE-BRAVO-CASE-Q2-2026-00043-04,False,CSE-BRAVO-CASE-Q2-2026-00043-INV-04,False
2026-05-23T01:19:30Z,Containment Action Taken,ANALYST-015,CSE-BRAVO-CASE-Q2-2026-00043,False,False,EVREF-CSE-BRAVO-CASE-Q2-2026-00043-05,False,CSE-BRAVO-CASE-Q2-2026-00043-INV-05,False
2026-05-23T06:02:56Z,Evidence Examined,ANALYST-009,CSE-BRAVO-CASE-Q2-2026-00043,True,False,EVREF-CSE-BRAVO-CASE-Q2-2026-00043-06,False,CSE-BRAVO-CASE-Q2-2026-00043-INV-06,False
2026-05-23T10:46:22Z,Disposition Documented,ANALYST-010,CSE-BRAVO-CASE-Q2-2026-00043,True,True,EVREF-CSE-BRAVO-CASE-Q2-2026-00043-07,False,CSE-BRAVO-CASE-Q2-2026-00043-INV-07,False
2026-05-23T15:29:48Z,Affected Asset Identified,ANALYST-005,CSE-BRAVO-CASE-Q2-2026-00043,False,False,EVREF-CSE-BRAVO-CASE-Q2-2026-00043-08,True,CSE-BRAVO-CASE-Q2-2026-00043-INV-08,False
2026-04-25T01:01:29Z,Escalation Decision Documented,ANALYST-007,CSE-BRAVO-CASE-Q2-2026-00044,False,True,EVREF-CSE-BRAVO-CASE-Q2-2026-00044-01,False,CSE-BRAVO-CASE-Q2-2026-00044-INV-01,False
2026-04-25T10:08:17Z,Evidence Examined,ANALYST-005,CSE-BRAVO-CASE-Q2-2026-00044,True,True,EVREF-CSE-BRAVO-CASE-Q2-2026-00044-02,True,CSE-BRAVO-CASE-Q2-2026-00044-INV-02,False
2026-04-25T19:15:04Z,Finding Documented,ANALYST-010,CSE-BRAVO-CASE-Q2-2026-00044,True,True,,True,CSE-BRAVO-CASE-Q2-2026-00044-INV-03,False
2026-04-26T04:21:51Z,Affected Asset Identified,ANALYST-012,CSE-BRAVO-CASE-Q2-2026-00044,True,False,EVREF-CSE-BRAVO-CASE-Q2-2026-00044-04,True,CSE-BRAVO-CASE-Q2-2026-00044-INV-04,False
2026-04-26T13:28:38Z,Disposition Documented,ANALYST-013,CSE-BRAVO-CASE-Q2-2026-00044,True,False,EVREF-CSE-BRAVO-CASE-Q2-2026-00044-05,True,CSE-BRAVO-CASE-Q2-2026-00044-INV-05,False
2026-04-26T22:35:26Z,Root Cause Analysis,ANALYST-017,CSE-BRAVO-CASE-Q2-2026-00044,False,False,EVREF-CSE-BRAVO-CASE-Q2-2026-00044-06,True,CSE-BRAVO-CASE-Q2-2026-00044-INV-06,False
2026-04-27T07:42:13Z,Containment Action Taken,ANALYST-009,CSE-BRAVO-CASE-Q2-2026-00044,True,False,EVREF-CSE-BRAVO-CASE-Q2-2026-00044-07,False,CSE-BRAVO-CASE-Q2-2026-00044-INV-07,False
2026-06-28T18:03:43Z,Disposition Documented,ANALYST-002,CSE-BRAVO-CASE-Q2-2026-00045,True,True,EVREF-CSE-BRAVO-CASE-Q2-2026-00045-01,True,CSE-BRAVO-CASE-Q2-2026-00045-INV-01,False
2026-06-29T01:34:50Z,Remediation Recorded,ANALYST-007,CSE-BRAVO-CASE-Q2-2026-00045,True,False,EVREF-CSE-BRAVO-CASE-Q2-2026-00045-02,False,CSE-BRAVO-CASE-Q2-2026-00045-INV-02,False
2026-06-29T09:05:57Z,Evidence Examined,ANALYST-013,CSE-BRAVO-CASE-Q2-2026-00045,False,True,EVREF-CSE-BRAVO-CASE-Q2-2026-00045-03,True,CSE-BRAVO-CASE-Q2-2026-00045-INV-03,False
2026-06-29T16:37:04Z,Containment Action Taken,ANALYST-011,CSE-BRAVO-CASE-Q2-2026-00045,False,False,EVREF-CSE-BRAVO-CASE-Q2-2026-00045-04,True,CSE-BRAVO-CASE-Q2-2026-00045-INV-04,False
2026-06-30T00:08:12Z,Escalation Decision Documented,ANALYST-015,CSE-BRAVO-CASE-Q2-2026-00045,False,True,EVREF-CSE-BRAVO-CASE-Q2-2026-00045-05,True,CSE-BRAVO-CASE-Q2-2026-00045-INV-05,False
2026-06-30T07:39:19Z,Affected Asset Identified,ANALYST-011,CSE-BRAVO-CASE-Q2-2026-00045,False,True,EVREF-CSE-BRAVO-CASE-Q2-2026-00045-06,True,CSE-BRAVO-CASE-Q2-2026-00045-INV-06,False
2026-06-30T15:10:26Z,Log Correlation Performed,ANALYST-003,CSE-BRAVO-CASE-Q2-2026-00045,False,False,EVREF-CSE-BRAVO-CASE-Q2-2026-00045-07,False,CSE-BRAVO-CASE-Q2-2026-00045-INV-07,False
2026-06-09T02:27:35Z,Root Cause Analysis,ANALYST-017,CSE-BRAVO-CASE-Q2-2026-00046,False,False,EVREF-CSE-BRAVO-CASE-Q2-2026-00046-01,False,CSE-BRAVO-CASE-Q2-2026-00046-INV-01,False
2026-06-09T04:52:59Z,Disposition Documented,ANALYST-014,CSE-BRAVO-CASE-Q2-2026-00046,True,False,EVREF-CSE-BRAVO-CASE-Q2-2026-00046-02,True,CSE-BRAVO-CASE-Q2-2026-00046-INV-02,False
2026-06-09T07:18:22Z,Escalation Decision Documented,ANALYST-012,CSE-BRAVO-CASE-Q2-2026-00046,True,True,EVREF-CSE-BRAVO-CASE-Q2-2026-00046-03,True,CSE-BRAVO-CASE-Q2-2026-00046-INV-03,False
2026-06-09T09:43:46Z,Remediation Recorded,ANALYST-012,CSE-BRAVO-CASE-Q2-2026-00046,False,False,EVREF-CSE-BRAVO-CASE-Q2-2026-00046-04,False,CSE-BRAVO-CASE-Q2-2026-00046-INV-04,True
2026-06-09T12:09:10Z,Containment Action Taken,ANALYST-010,CSE-BRAVO-CASE-Q2-2026-00046,True,False,EVREF-CSE-BRAVO-CASE-Q2-2026-00046-05,False,CSE-BRAVO-CASE-Q2-2026-00046-INV-05,False
2026-06-09T14:34:34Z,Alert Reviewed,ANALYST-013,CSE-BRAVO-CASE-Q2-2026-00046,True,False,,False,CSE-BRAVO-CASE-Q2-2026-00046-INV-06,False
2026-06-09T16:59:57Z,Affected Asset Identified,ANALYST-007,CSE-BRAVO-CASE-Q2-2026-00046,True,False,,True,CSE-BRAVO-CASE-Q2-2026-00046-INV-07,False
2026-06-09T19:25:21Z,Finding Documented,ANALYST-016,CSE-BRAVO-CASE-Q2-2026-00046,True,True,EVREF-CSE-BRAVO-CASE-Q2-2026-00046-08,True,CSE-BRAVO-CASE-Q2-2026-00046-INV-08,False
2026-06-22T22:03:16Z,Alert Reviewed,ANALYST-014,CSE-BRAVO-CASE-Q2-2026-00047,True,False,EVREF-CSE-BRAVO-CASE-Q2-2026-00047-01,True,CSE-BRAVO-CASE-Q2-2026-00047-INV-01,False
2026-06-23T01:41:52Z,Remediation Recorded,ANALYST-012,CSE-BRAVO-CASE-Q2-2026-00047,False,True,EVREF-CSE-BRAVO-CASE-Q2-2026-00047-02,False,CSE-BRAVO-CASE-Q2-2026-00047-INV-02,True
2026-06-23T05:20:29Z,Disposition Documented,ANALYST-011,CSE-BRAVO-CASE-Q2-2026-00047,True,True,EVREF-CSE-BRAVO-CASE-Q2-2026-00047-03,False,CSE-BRAVO-CASE-Q2-2026-00047-INV-03,False
2026-06-23T08:59:05Z,Log Correlation Performed,ANALYST-018,CSE-BRAVO-CASE-Q2-2026-00047,True,False,EVREF-CSE-BRAVO-CASE-Q2-2026-00047-04,True,CSE-BRAVO-CASE-Q2-2026-00047-INV-04,False
2026-06-23T12:37:41Z,Finding Documented,ANALYST-013,CSE-BRAVO-CASE-Q2-2026-00047,True,False,EVREF-CSE-BRAVO-CASE-Q2-2026-00047-05,True,CSE-BRAVO-CASE-Q2-2026-00047-INV-05,False
2026-06-23T16:16:17Z,Escalation Decision Documented,ANALYST-006,CSE-BRAVO-CASE-Q2-2026-00047,True,True,EVREF-CSE-BRAVO-CASE-Q2-2026-00047-06,False,CSE-BRAVO-CASE-Q2-2026-00047-INV-06,False
2026-06-23T19:54:53Z,Affected Asset Identified,ANALYST-010,CSE-BRAVO-CASE-Q2-2026-00047,False,False,,True,CSE-BRAVO-CASE-Q2-2026-00047-INV-07,False
2026-06-23T23:33:29Z,Evidence Examined,ANALYST-007,CSE-BRAVO-CASE-Q2-2026-00047,True,False,EVREF-CSE-BRAVO-CASE-Q2-2026-00047-08,True,CSE-BRAVO-CASE-Q2-2026-00047-INV-08,False
2026-06-20T11:59:03Z,Evidence Examined,ANALYST-010,CSE-BRAVO-CASE-Q2-2026-00048,True,True,EVREF-CSE-BRAVO-CASE-Q2-2026-00048-01,False,CSE-BRAVO-CASE-Q2-2026-00048-INV-01,False
2026-06-20T16:28:17Z,Escalation Decision Documented,ANALYST-002,CSE-BRAVO-CASE-Q2-2026-00048,False,True,EVREF-CSE-BRAVO-CASE-Q2-2026-00048-02,False,CSE-BRAVO-CASE-Q2-2026-00048-INV-02,False
2026-06-20T20:57:30Z,Containment Action Taken,ANALYST-005,CSE-BRAVO-CASE-Q2-2026-00048,False,True,,False,CSE-BRAVO-CASE-Q2-2026-00048-INV-03,False
2026-06-21T01:26:44Z,Remediation Recorded,ANALYST-012,CSE-BRAVO-CASE-Q2-2026-00048,False,False,,True,CSE-BRAVO-CASE-Q2-2026-00048-INV-04,True
2026-06-21T05:55:57Z,Log Correlation Performed,ANALYST-005,CSE-BRAVO-CASE-Q2-2026-00048,False,False,,True,CSE-BRAVO-CASE-Q2-2026-00048-INV-05,False
2026-06-21T10:25:11Z,Root Cause Analysis,ANALYST-002,CSE-BRAVO-CASE-Q2-2026-00048,True,False,EVREF-CSE-BRAVO-CASE-Q2-2026-00048-06,False,CSE-BRAVO-CASE-Q2-2026-00048-INV-06,False
2026-06-21T14:54:25Z,Disposition Documented,ANALYST-013,CSE-BRAVO-CASE-Q2-2026-00048,True,False,,True,CSE-BRAVO-CASE-Q2-2026-00048-INV-07,False
2026-06-24T11:29:45Z,Log Correlation Performed,ANALYST-001,CSE-BRAVO-CASE-Q2-2026-00049,True,False,EVREF-CSE-BRAVO-CASE-Q2-2026-00049-01,True,CSE-BRAVO-CASE-Q2-2026-00049-INV-01,False
2026-06-24T14:42:15Z,Root Cause Analysis,ANALYST-001,CSE-BRAVO-CASE-Q2-2026-00049,False,False,EVREF-CSE-BRAVO-CASE-Q2-2026-00049-02,False,CSE-BRAVO-CASE-Q2-2026-00049-INV-02,False
2026-06-24T17:54:45Z,Finding Documented,ANALYST-009,CSE-BRAVO-CASE-Q2-2026-00049,False,False,EVREF-CSE-BRAVO-CASE-Q2-2026-00049-03,True,CSE-BRAVO-CASE-Q2-2026-00049-INV-03,False
2026-06-24T21:07:15Z,Alert Reviewed,ANALYST-017,CSE-BRAVO-CASE-Q2-2026-00049,True,False,EVREF-CSE-BRAVO-CASE-Q2-2026-00049-04,False,CSE-BRAVO-CASE-Q2-2026-00049-INV-04,False
2026-06-25T00:19:45Z,Escalation Decision Documented,ANALYST-002,CSE-BRAVO-CASE-Q2-2026-00049,False,True,EVREF-CSE-BRAVO-CASE-Q2-2026-00049-05,False,CSE-BRAVO-CASE-Q2-2026-00049-INV-05,False
2026-06-25T03:32:15Z,Affected Asset Identified,ANALYST-012,CSE-BRAVO-CASE-Q2-2026-00049,False,False,EVREF-CSE-BRAVO-CASE-Q2-2026-00049-06,False,CSE-BRAVO-CASE-Q2-2026-00049-INV-06,False
2026-05-30T11:02:52Z,Affected Asset Identified,ANALYST-001,CSE-BRAVO-CASE-Q2-2026-00050,False,False,EVREF-CSE-BRAVO-CASE-Q2-2026-00050-01,True,CSE-BRAVO-CASE-Q2-2026-00050-INV-01,False
2026-05-20T13:38:20Z,Root Cause Analysis,ANALYST-008,CSE-BRAVO-CASE-Q2-2026-00051,False,False,EVREF-CSE-BRAVO-CASE-Q2-2026-00051-01,True,CSE-BRAVO-CASE-Q2-2026-00051-INV-01,False
2026-05-20T16:59:10Z,Finding Documented,ANALYST-007,CSE-BRAVO-CASE-Q2-2026-00051,True,False,,True,CSE-BRAVO-CASE-Q2-2026-00051-INV-02,False
2026-05-20T20:20:01Z,Containment Action Taken,ANALYST-015,CSE-BRAVO-CASE-Q2-2026-00051,True,True,,True,CSE-BRAVO-CASE-Q2-2026-00051-INV-03,False
2026-05-20T23:40:51Z,Evidence Examined,ANALYST-006,CSE-BRAVO-CASE-Q2-2026-00051,True,False,EVREF-CSE-BRAVO-CASE-Q2-2026-00051-04,False,CSE-BRAVO-CASE-Q2-2026-00051-INV-04,False
2026-05-21T03:01:42Z,Remediation Recorded,ANALYST-016,CSE-BRAVO-CASE-Q2-2026-00051,True,False,EVREF-CSE-BRAVO-CASE-Q2-2026-00051-05,True,CSE-BRAVO-CASE-Q2-2026-00051-INV-05,True
2026-05-21T06:22:32Z,Log Correlation Performed,ANALYST-006,CSE-BRAVO-CASE-Q2-2026-00051,False,False,EVREF-CSE-BRAVO-CASE-Q2-2026-00051-06,False,CSE-BRAVO-CASE-Q2-2026-00051-INV-06,False
2026-05-21T09:43:23Z,Disposition Documented,ANALYST-009,CSE-BRAVO-CASE-Q2-2026-00051,True,False,EVREF-CSE-BRAVO-CASE-Q2-2026-00051-07,False,CSE-BRAVO-CASE-Q2-2026-00051-INV-07,False
2026-05-21T13:04:13Z,Alert Reviewed,ANALYST-005,CSE-BRAVO-CASE-Q2-2026-00051,True,False,EVREF-CSE-BRAVO-CASE-Q2-2026-00051-08,False,CSE-BRAVO-CASE-Q2-2026-00051-INV-08,False
2026-05-30T18:07:17Z,Finding Documented,ANALYST-002,CSE-BRAVO-CASE-Q2-2026-00052,False,False,EVREF-CSE-BRAVO-CASE-Q2-2026-00052-01,True,CSE-BRAVO-CASE-Q2-2026-00052-INV-01,False
2026-05-31T02:15:38Z,Affected Asset Identified,ANALYST-003,CSE-BRAVO-CASE-Q2-2026-00052,True,False,EVREF-CSE-BRAVO-CASE-Q2-2026-00052-02,True,CSE-BRAVO-CASE-Q2-2026-00052-INV-02,False
2026-05-31T10:23:58Z,Disposition Documented,ANALYST-011,CSE-BRAVO-CASE-Q2-2026-00052,True,False,EVREF-CSE-BRAVO-CASE-Q2-2026-00052-03,True,CSE-BRAVO-CASE-Q2-2026-00052-INV-03,False
2026-05-31T18:32:19Z,Evidence Examined,ANALYST-009,CSE-BRAVO-CASE-Q2-2026-00052,False,False,,False,CSE-BRAVO-CASE-Q2-2026-00052-INV-04,False
2026-06-01T02:40:39Z,Containment Action Taken,ANALYST-018,CSE-BRAVO-CASE-Q2-2026-00052,False,False,,False,CSE-BRAVO-CASE-Q2-2026-00052-INV-05,False
2026-06-01T10:49:00Z,Log Correlation Performed,ANALYST-004,CSE-BRAVO-CASE-Q2-2026-00052,False,False,EVREF-CSE-BRAVO-CASE-Q2-2026-00052-06,False,CSE-BRAVO-CASE-Q2-2026-00052-INV-06,False
2026-06-01T18:57:20Z,Remediation Recorded,ANALYST-012,CSE-BRAVO-CASE-Q2-2026-00052,False,False,EVREF-CSE-BRAVO-CASE-Q2-2026-00052-07,False,CSE-BRAVO-CASE-Q2-2026-00052-INV-07,True
2026-05-21T11:20:02Z,Remediation Recorded,ANALYST-010,CSE-BRAVO-CASE-Q2-2026-00053,False,False,EVREF-CSE-BRAVO-CASE-Q2-2026-00053-01,False,CSE-BRAVO-CASE-Q2-2026-00053-INV-01,True
2026-05-21T12:34:06Z,Affected Asset Identified,ANALYST-014,CSE-BRAVO-CASE-Q2-2026-00053,False,False,EVREF-CSE-BRAVO-CASE-Q2-2026-00053-02,False,CSE-BRAVO-CASE-Q2-2026-00053-INV-02,False
2026-05-21T13:48:10Z,Alert Reviewed,ANALYST-013,CSE-BRAVO-CASE-Q2-2026-00053,False,False,,False,CSE-BRAVO-CASE-Q2-2026-00053-INV-03,False
2026-05-21T15:02:13Z,Containment Action Taken,ANALYST-009,CSE-BRAVO-CASE-Q2-2026-00053,False,True,,True,CSE-BRAVO-CASE-Q2-2026-00053-INV-04,False
2026-05-21T16:16:17Z,Root Cause Analysis,ANALYST-011,CSE-BRAVO-CASE-Q2-2026-00053,False,False,EVREF-CSE-BRAVO-CASE-Q2-2026-00053-05,False,CSE-BRAVO-CASE-Q2-2026-00053-INV-05,False
2026-05-21T17:30:21Z,Evidence Examined,ANALYST-008,CSE-BRAVO-CASE-Q2-2026-00053,False,True,EVREF-CSE-BRAVO-CASE-Q2-2026-00053-06,True,CSE-BRAVO-CASE-Q2-2026-00053-INV-06,False
2026-05-21T18:44:25Z,Disposition Documented,ANALYST-016,CSE-BRAVO-CASE-Q2-2026-00053,True,True,EVREF-CSE-BRAVO-CASE-Q2-2026-00053-07,True,CSE-BRAVO-CASE-Q2-2026-00053-INV-07,False
2026-05-21T19:58:28Z,Log Correlation Performed,ANALYST-016,CSE-BRAVO-CASE-Q2-2026-00053,True,False,EVREF-CSE-BRAVO-CASE-Q2-2026-00053-08,False,CSE-BRAVO-CASE-Q2-2026-00053-INV-08,False
2026-04-21T11:47:17Z,Evidence Examined,ANALYST-007,CSE-BRAVO-CASE-Q2-2026-00054,False,False,,False,CSE-BRAVO-CASE-Q2-2026-00054-INV-01,False
2026-04-21T13:19:33Z,Alert Reviewed,ANALYST-002,CSE-BRAVO-CASE-Q2-2026-00054,True,False,EVREF-CSE-BRAVO-CASE-Q2-2026-00054-02,True,CSE-BRAVO-CASE-Q2-2026-00054-INV-02,False
2026-04-21T14:51:48Z,Containment Action Taken,ANALYST-002,CSE-BRAVO-CASE-Q2-2026-00054,False,False,EVREF-CSE-BRAVO-CASE-Q2-2026-00054-03,True,CSE-BRAVO-CASE-Q2-2026-00054-INV-03,False
2026-04-21T16:24:04Z,Finding Documented,ANALYST-010,CSE-BRAVO-CASE-Q2-2026-00054,True,False,EVREF-CSE-BRAVO-CASE-Q2-2026-00054-04,True,CSE-BRAVO-CASE-Q2-2026-00054-INV-04,False
2026-04-21T17:56:20Z,Log Correlation Performed,ANALYST-012,CSE-BRAVO-CASE-Q2-2026-00054,False,False,EVREF-CSE-BRAVO-CASE-Q2-2026-00054-05,False,CSE-BRAVO-CASE-Q2-2026-00054-INV-05,False
2026-04-21T19:28:36Z,Root Cause Analysis,ANALYST-017,CSE-BRAVO-CASE-Q2-2026-00054,True,False,,False,CSE-BRAVO-CASE-Q2-2026-00054-INV-06,False
2026-04-21T21:00:52Z,Remediation Recorded,ANALYST-014,CSE-BRAVO-CASE-Q2-2026-00054,True,False,EVREF-CSE-BRAVO-CASE-Q2-2026-00054-07,True,CSE-BRAVO-CASE-Q2-2026-00054-INV-07,True
2026-04-21T22:33:08Z,Disposition Documented,ANALYST-013,CSE-BRAVO-CASE-Q2-2026-00054,True,False,EVREF-CSE-BRAVO-CASE-Q2-2026-00054-08,False,CSE-BRAVO-CASE-Q2-2026-00054-INV-08,False
2026-06-14T06:13:19Z,Containment Action Taken,ANALYST-018,CSE-BRAVO-CASE-Q2-2026-00055,True,True,EVREF-CSE-BRAVO-CASE-Q2-2026-00055-01,False,CSE-BRAVO-CASE-Q2-2026-00055-INV-01,False
2026-06-14T13:37:10Z,Remediation Recorded,ANALYST-001,CSE-BRAVO-CASE-Q2-2026-00055,False,True,EVREF-CSE-BRAVO-CASE-Q2-2026-00055-02,False,CSE-BRAVO-CASE-Q2-2026-00055-INV-02,False
2026-06-14T21:01:01Z,Root Cause Analysis,ANALYST-012,CSE-BRAVO-CASE-Q2-2026-00055,False,False,EVREF-CSE-BRAVO-CASE-Q2-2026-00055-03,False,CSE-BRAVO-CASE-Q2-2026-00055-INV-03,False
2026-06-15T04:24:52Z,Disposition Documented,ANALYST-011,CSE-BRAVO-CASE-Q2-2026-00055,True,False,EVREF-CSE-BRAVO-CASE-Q2-2026-00055-04,True,CSE-BRAVO-CASE-Q2-2026-00055-INV-04,False
2026-06-15T11:48:42Z,Log Correlation Performed,ANALYST-001,CSE-BRAVO-CASE-Q2-2026-00055,False,False,EVREF-CSE-BRAVO-CASE-Q2-2026-00055-05,True,CSE-BRAVO-CASE-Q2-2026-00055-INV-05,False
2026-06-15T19:12:33Z,Finding Documented,ANALYST-008,CSE-BRAVO-CASE-Q2-2026-00055,True,False,,True,CSE-BRAVO-CASE-Q2-2026-00055-INV-06,False
2026-06-16T02:36:24Z,Alert Reviewed,ANALYST-012,CSE-BRAVO-CASE-Q2-2026-00055,False,False,EVREF-CSE-BRAVO-CASE-Q2-2026-00055-07,False,CSE-BRAVO-CASE-Q2-2026-00055-INV-07,False
2026-05-09T02:20:55Z,Remediation Recorded,ANALYST-008,CSE-BRAVO-CASE-Q2-2026-00056,False,False,EVREF-CSE-BRAVO-CASE-Q2-2026-00056-01,False,CSE-BRAVO-CASE-Q2-2026-00056-INV-01,True
2026-05-09T05:03:48Z,Finding Documented,ANALYST-001,CSE-BRAVO-CASE-Q2-2026-00056,True,False,EVREF-CSE-BRAVO-CASE-Q2-2026-00056-02,True,CSE-BRAVO-CASE-Q2-2026-00056-INV-02,False
2026-05-09T07:46:42Z,Root Cause Analysis,ANALYST-015,CSE-BRAVO-CASE-Q2-2026-00056,False,True,,False,CSE-BRAVO-CASE-Q2-2026-00056-INV-03,False
2026-05-09T10:29:35Z,Log Correlation Performed,ANALYST-006,CSE-BRAVO-CASE-Q2-2026-00056,False,False,,False,CSE-BRAVO-CASE-Q2-2026-00056-INV-04,False
2026-05-09T13:12:28Z,Containment Action Taken,ANALYST-003,CSE-BRAVO-CASE-Q2-2026-00056,True,True,EVREF-CSE-BRAVO-CASE-Q2-2026-00056-05,False,CSE-BRAVO-CASE-Q2-2026-00056-INV-05,False
2026-05-09T15:55:22Z,Evidence Examined,ANALYST-001,CSE-BRAVO-CASE-Q2-2026-00056,False,False,,False,CSE-BRAVO-CASE-Q2-2026-00056-INV-06,False
2026-05-09T18:38:15Z,Disposition Documented,ANALYST-014,CSE-BRAVO-CASE-Q2-2026-00056,True,False,EVREF-CSE-BRAVO-CASE-Q2-2026-00056-07,True,CSE-BRAVO-CASE-Q2-2026-00056-INV-07,False
2026-05-09T21:21:08Z,Escalation Decision Documented,ANALYST-009,CSE-BRAVO-CASE-Q2-2026-00056,False,True,EVREF-CSE-BRAVO-CASE-Q2-2026-00056-08,True,CSE-BRAVO-CASE-Q2-2026-00056-INV-08,False
2026-05-09T15:49:31Z,Log Correlation Performed,ANALYST-003,CSE-BRAVO-CASE-Q2-2026-00057,False,True,,False,CSE-BRAVO-CASE-Q2-2026-00057-INV-01,False
2026-05-09T15:59:56Z,Root Cause Analysis,ANALYST-018,CSE-BRAVO-CASE-Q2-2026-00057,False,True,EVREF-CSE-BRAVO-CASE-Q2-2026-00057-02,True,CSE-BRAVO-CASE-Q2-2026-00057-INV-02,False
2026-05-09T16:10:21Z,Disposition Documented,ANALYST-014,CSE-BRAVO-CASE-Q2-2026-00057,True,True,,False,CSE-BRAVO-CASE-Q2-2026-00057-INV-03,False
2026-05-08T14:03:57Z,Affected Asset Identified,ANALYST-013,CSE-BRAVO-CASE-Q2-2026-00058,False,True,EVREF-CSE-BRAVO-CASE-Q2-2026-00058-01,False,CSE-BRAVO-CASE-Q2-2026-00058-INV-01,False
2026-05-08T19:04:24Z,Disposition Documented,ANALYST-013,CSE-BRAVO-CASE-Q2-2026-00058,True,False,EVREF-CSE-BRAVO-CASE-Q2-2026-00058-02,True,CSE-BRAVO-CASE-Q2-2026-00058-INV-02,False
2026-05-09T00:04:50Z,Root Cause Analysis,ANALYST-015,CSE-BRAVO-CASE-Q2-2026-00058,False,False,EVREF-CSE-BRAVO-CASE-Q2-2026-00058-03,False,CSE-BRAVO-CASE-Q2-2026-00058-INV-03,False
2026-05-09T05:05:16Z,Escalation Decision Documented,ANALYST-012,CSE-BRAVO-CASE-Q2-2026-00058,False,True,EVREF-CSE-BRAVO-CASE-Q2-2026-00058-04,False,CSE-BRAVO-CASE-Q2-2026-00058-INV-04,False
2026-05-09T10:05:42Z,Remediation Recorded,ANALYST-006,CSE-BRAVO-CASE-Q2-2026-00058,False,True,,False,CSE-BRAVO-CASE-Q2-2026-00058-INV-05,True
2026-05-09T15:06:08Z,Containment Action Taken,ANALYST-011,CSE-BRAVO-CASE-Q2-2026-00058,False,False,,False,CSE-BRAVO-CASE-Q2-2026-00058-INV-06,False
2026-05-09T20:06:34Z,Log Correlation Performed,ANALYST-001,CSE-BRAVO-CASE-Q2-2026-00058,False,True,,True,CSE-BRAVO-CASE-Q2-2026-00058-INV-07,False
2026-05-10T01:07:00Z,Evidence Examined,ANALYST-001,CSE-BRAVO-CASE-Q2-2026-00058,False,False,EVREF-CSE-BRAVO-CASE-Q2-2026-00058-08,False,CSE-BRAVO-CASE-Q2-2026-00058-INV-08,False
2026-04-14T20:02:27Z,Log Correlation Performed,ANALYST-013,CSE-BRAVO-CASE-Q2-2026-00059,False,True,EVREF-CSE-BRAVO-CASE-Q2-2026-00059-01,False,CSE-BRAVO-CASE-Q2-2026-00059-INV-01,False
2026-04-15T00:51:34Z,Remediation Recorded,ANALYST-011,CSE-BRAVO-CASE-Q2-2026-00059,False,False,EVREF-CSE-BRAVO-CASE-Q2-2026-00059-02,True,CSE-BRAVO-CASE-Q2-2026-00059-INV-02,True
2026-04-15T05:40:41Z,Finding Documented,ANALYST-018,CSE-BRAVO-CASE-Q2-2026-00059,False,False,EVREF-CSE-BRAVO-CASE-Q2-2026-00059-03,True,CSE-BRAVO-CASE-Q2-2026-00059-INV-03,False
2026-04-15T10:29:47Z,Affected Asset Identified,ANALYST-004,CSE-BRAVO-CASE-Q2-2026-00059,False,False,EVREF-CSE-BRAVO-CASE-Q2-2026-00059-04,False,CSE-BRAVO-CASE-Q2-2026-00059-INV-04,False
2026-04-15T15:18:54Z,Alert Reviewed,ANALYST-006,CSE-BRAVO-CASE-Q2-2026-00059,False,False,EVREF-CSE-BRAVO-CASE-Q2-2026-00059-05,True,CSE-BRAVO-CASE-Q2-2026-00059-INV-05,False
2026-04-15T20:08:01Z,Root Cause Analysis,ANALYST-009,CSE-BRAVO-CASE-Q2-2026-00059,True,False,,True,CSE-BRAVO-CASE-Q2-2026-00059-INV-06,False
2026-04-16T00:57:08Z,Escalation Decision Documented,ANALYST-018,CSE-BRAVO-CASE-Q2-2026-00059,False,True,EVREF-CSE-BRAVO-CASE-Q2-2026-00059-07,True,CSE-BRAVO-CASE-Q2-2026-00059-INV-07,False
2026-05-22T20:12:54Z,Remediation Recorded,ANALYST-002,CSE-BRAVO-CASE-Q2-2026-00060,True,False,,True,CSE-BRAVO-CASE-Q2-2026-00060-INV-01,True
2026-05-30T08:38:03Z,Escalation Decision Documented,ANALYST-017,CSE-BRAVO-CASE-Q2-2026-00061,True,True,EVREF-CSE-BRAVO-CASE-Q2-2026-00061-01,True,CSE-BRAVO-CASE-Q2-2026-00061-INV-01,False
2026-05-30T11:39:24Z,Log Correlation Performed,ANALYST-004,CSE-BRAVO-CASE-Q2-2026-00061,False,False,EVREF-CSE-BRAVO-CASE-Q2-2026-00061-02,False,CSE-BRAVO-CASE-Q2-2026-00061-INV-02,False
2026-05-30T14:40:45Z,Finding Documented,ANALYST-017,CSE-BRAVO-CASE-Q2-2026-00061,True,False,EVREF-CSE-BRAVO-CASE-Q2-2026-00061-03,True,CSE-BRAVO-CASE-Q2-2026-00061-INV-03,False
2026-05-30T17:42:07Z,Remediation Recorded,ANALYST-010,CSE-BRAVO-CASE-Q2-2026-00061,False,False,EVREF-CSE-BRAVO-CASE-Q2-2026-00061-04,False,CSE-BRAVO-CASE-Q2-2026-00061-INV-04,True
2026-05-30T20:43:28Z,Alert Reviewed,ANALYST-009,CSE-BRAVO-CASE-Q2-2026-00061,False,True,EVREF-CSE-BRAVO-CASE-Q2-2026-00061-05,True,CSE-BRAVO-CASE-Q2-2026-00061-INV-05,False
2026-05-30T23:44:50Z,Evidence Examined,ANALYST-008,CSE-BRAVO-CASE-Q2-2026-00061,False,False,,True,CSE-BRAVO-CASE-Q2-2026-00061-INV-06,False
2026-05-31T02:46:11Z,Disposition Documented,ANALYST-015,CSE-BRAVO-CASE-Q2-2026-00061,True,False,EVREF-CSE-BRAVO-CASE-Q2-2026-00061-07,False,CSE-BRAVO-CASE-Q2-2026-00061-INV-07,False
2026-05-24T12:38:25Z,Remediation Recorded,ANALYST-009,CSE-BRAVO-CASE-Q2-2026-00062,False,False,EVREF-CSE-BRAVO-CASE-Q2-2026-00062-01,True,CSE-BRAVO-CASE-Q2-2026-00062-INV-01,True
2026-05-24T19:10:06Z,Disposition Documented,ANALYST-018,CSE-BRAVO-CASE-Q2-2026-00062,True,True,,True,CSE-BRAVO-CASE-Q2-2026-00062-INV-02,False
2026-05-25T01:41:47Z,Affected Asset Identified,ANALYST-012,CSE-BRAVO-CASE-Q2-2026-00062,False,False,EVREF-CSE-BRAVO-CASE-Q2-2026-00062-03,False,CSE-BRAVO-CASE-Q2-2026-00062-INV-03,False
2026-05-25T08:13:28Z,Containment Action Taken,ANALYST-002,CSE-BRAVO-CASE-Q2-2026-00062,False,False,EVREF-CSE-BRAVO-CASE-Q2-2026-00062-04,False,CSE-BRAVO-CASE-Q2-2026-00062-INV-04,False
2026-05-25T14:45:09Z,Finding Documented,ANALYST-006,CSE-BRAVO-CASE-Q2-2026-00062,False,True,EVREF-CSE-BRAVO-CASE-Q2-2026-00062-05,True,CSE-BRAVO-CASE-Q2-2026-00062-INV-05,False
2026-05-25T21:16:50Z,Root Cause Analysis,ANALYST-004,CSE-BRAVO-CASE-Q2-2026-00062,False,True,,False,CSE-BRAVO-CASE-Q2-2026-00062-INV-06,False
2026-05-26T03:48:31Z,Log Correlation Performed,ANALYST-005,CSE-BRAVO-CASE-Q2-2026-00062,True,False,EVREF-CSE-BRAVO-CASE-Q2-2026-00062-07,False,CSE-BRAVO-CASE-Q2-2026-00062-INV-07,False
2026-05-26T10:20:12Z,Alert Reviewed,ANALYST-004,CSE-BRAVO-CASE-Q2-2026-00062,True,False,EVREF-CSE-BRAVO-CASE-Q2-2026-00062-08,True,CSE-BRAVO-CASE-Q2-2026-00062-INV-08,False
2026-06-18T06:05:39Z,Root Cause Analysis,ANALYST-012,CSE-BRAVO-CASE-Q2-2026-00063,False,False,EVREF-CSE-BRAVO-CASE-Q2-2026-00063-01,False,CSE-BRAVO-CASE-Q2-2026-00063-INV-01,False
2026-06-18T18:38:03Z,Disposition Documented,ANALYST-011,CSE-BRAVO-CASE-Q2-2026-00063,True,True,EVREF-CSE-BRAVO-CASE-Q2-2026-00063-02,True,CSE-BRAVO-CASE-Q2-2026-00063-INV-02,False
2026-06-19T07:10:27Z,Containment Action Taken,ANALYST-003,CSE-BRAVO-CASE-Q2-2026-00063,False,False,EVREF-CSE-BRAVO-CASE-Q2-2026-00063-03,True,CSE-BRAVO-CASE-Q2-2026-00063-INV-03,False
2026-06-19T19:42:51Z,Log Correlation Performed,ANALYST-005,CSE-BRAVO-CASE-Q2-2026-00063,False,False,EVREF-CSE-BRAVO-CASE-Q2-2026-00063-04,False,CSE-BRAVO-CASE-Q2-2026-00063-INV-04,False
2026-06-20T08:15:15Z,Alert Reviewed,ANALYST-006,CSE-BRAVO-CASE-Q2-2026-00063,False,False,EVREF-CSE-BRAVO-CASE-Q2-2026-00063-05,False,CSE-BRAVO-CASE-Q2-2026-00063-INV-05,False
2026-06-20T20:47:40Z,Escalation Decision Documented,ANALYST-018,CSE-BRAVO-CASE-Q2-2026-00063,True,True,EVREF-CSE-BRAVO-CASE-Q2-2026-00063-06,True,CSE-BRAVO-CASE-Q2-2026-00063-INV-06,False
2026-06-30T13:12:40Z,Root Cause Analysis,ANALYST-013,CSE-BRAVO-CASE-Q2-2026-00064,False,False,EVREF-CSE-BRAVO-CASE-Q2-2026-00064-01,True,CSE-BRAVO-CASE-Q2-2026-00064-INV-01,False
2026-06-30T14:39:00Z,Remediation Recorded,ANALYST-007,CSE-BRAVO-CASE-Q2-2026-00064,False,False,,False,CSE-BRAVO-CASE-Q2-2026-00064-INV-02,False
2026-06-30T16:05:20Z,Alert Reviewed,ANALYST-008,CSE-BRAVO-CASE-Q2-2026-00064,False,False,EVREF-CSE-BRAVO-CASE-Q2-2026-00064-03,True,CSE-BRAVO-CASE-Q2-2026-00064-INV-03,False
2026-06-30T17:31:39Z,Escalation Decision Documented,ANALYST-016,CSE-BRAVO-CASE-Q2-2026-00064,False,True,EVREF-CSE-BRAVO-CASE-Q2-2026-00064-04,False,CSE-BRAVO-CASE-Q2-2026-00064-INV-04,False
2026-06-30T18:57:59Z,Log Correlation Performed,ANALYST-018,CSE-BRAVO-CASE-Q2-2026-00064,True,False,,False,CSE-BRAVO-CASE-Q2-2026-00064-INV-05,False
2026-06-30T20:24:19Z,Containment Action Taken,ANALYST-014,CSE-BRAVO-CASE-Q2-2026-00064,True,True,EVREF-CSE-BRAVO-CASE-Q2-2026-00064-06,False,CSE-BRAVO-CASE-Q2-2026-00064-INV-06,False
2026-06-30T21:50:39Z,Disposition Documented,ANALYST-009,CSE-BRAVO-CASE-Q2-2026-00064,True,False,EVREF-CSE-BRAVO-CASE-Q2-2026-00064-07,True,CSE-BRAVO-CASE-Q2-2026-00064-INV-07,False
2026-05-28T17:18:51Z,Containment Action Taken,ANALYST-009,CSE-BRAVO-CASE-Q2-2026-00065,False,True,EVREF-CSE-BRAVO-CASE-Q2-2026-00065-01,False,CSE-BRAVO-CASE-Q2-2026-00065-INV-01,False
2026-05-28T19:13:42Z,Root Cause Analysis,ANALYST-007,CSE-BRAVO-CASE-Q2-2026-00065,False,False,EVREF-CSE-BRAVO-CASE-Q2-2026-00065-02,True,CSE-BRAVO-CASE-Q2-2026-00065-INV-02,False
2026-05-28T21:08:33Z,Remediation Recorded,ANALYST-010,CSE-BRAVO-CASE-Q2-2026-00065,False,False,,False,CSE-BRAVO-CASE-Q2-2026-00065-INV-03,False
2026-05-28T23:03:24Z,Finding Documented,ANALYST-013,CSE-BRAVO-CASE-Q2-2026-00065,True,False,EVREF-CSE-BRAVO-CASE-Q2-2026-00065-04,True,CSE-BRAVO-CASE-Q2-2026-00065-INV-04,False
2026-05-29T00:58:15Z,Escalation Decision Documented,ANALYST-003,CSE-BRAVO-CASE-Q2-2026-00065,False,True,,True,CSE-BRAVO-CASE-Q2-2026-00065-INV-05,False
2026-05-29T02:53:06Z,Evidence Examined,ANALYST-016,CSE-BRAVO-CASE-Q2-2026-00065,False,False,EVREF-CSE-BRAVO-CASE-Q2-2026-00065-06,False,CSE-BRAVO-CASE-Q2-2026-00065-INV-06,False
2026-06-24T22:29:07Z,Affected Asset Identified,ANALYST-011,CSE-BRAVO-CASE-Q2-2026-00066,False,False,,True,CSE-BRAVO-CASE-Q2-2026-00066-INV-01,False
2026-06-25T07:01:08Z,Finding Documented,ANALYST-002,CSE-BRAVO-CASE-Q2-2026-00066,False,False,EVREF-CSE-BRAVO-CASE-Q2-2026-00066-02,True,CSE-BRAVO-CASE-Q2-2026-00066-INV-02,False
2026-06-25T15:33:08Z,Disposition Documented,ANALYST-001,CSE-BRAVO-CASE-Q2-2026-00066,True,False,,True,CSE-BRAVO-CASE-Q2-2026-00066-INV-03,False
2026-06-26T00:05:09Z,Alert Reviewed,ANALYST-006,CSE-BRAVO-CASE-Q2-2026-00066,False,True,EVREF-CSE-BRAVO-CASE-Q2-2026-00066-04,True,CSE-BRAVO-CASE-Q2-2026-00066-INV-04,False
2026-06-26T08:37:10Z,Log Correlation Performed,ANALYST-003,CSE-BRAVO-CASE-Q2-2026-00066,False,False,EVREF-CSE-BRAVO-CASE-Q2-2026-00066-05,True,CSE-BRAVO-CASE-Q2-2026-00066-INV-05,False
2026-06-26T17:09:11Z,Root Cause Analysis,ANALYST-003,CSE-BRAVO-CASE-Q2-2026-00066,True,False,EVREF-CSE-BRAVO-CASE-Q2-2026-00066-06,False,CSE-BRAVO-CASE-Q2-2026-00066-INV-06,False
2026-05-12T16:07:07Z,Alert Reviewed,ANALYST-016,CSE-BRAVO-CASE-Q2-2026-00067,True,False,,False,CSE-BRAVO-CASE-Q2-2026-00067-INV-01,False
2026-05-12T18:59:11Z,Finding Documented,ANALYST-018,CSE-BRAVO-CASE-Q2-2026-00067,False,False,EVREF-CSE-BRAVO-CASE-Q2-2026-00067-02,True,CSE-BRAVO-CASE-Q2-2026-00067-INV-02,False
2026-05-12T21:51:16Z,Evidence Examined,ANALYST-009,CSE-BRAVO-CASE-Q2-2026-00067,False,True,,True,CSE-BRAVO-CASE-Q2-2026-00067-INV-03,False
2026-05-13T00:43:21Z,Remediation Recorded,ANALYST-016,CSE-BRAVO-CASE-Q2-2026-00067,True,True,EVREF-CSE-BRAVO-CASE-Q2-2026-00067-04,True,CSE-BRAVO-CASE-Q2-2026-00067-INV-04,True
2026-05-13T03:35:26Z,Escalation Decision Documented,ANALYST-005,CSE-BRAVO-CASE-Q2-2026-00067,True,True,EVREF-CSE-BRAVO-CASE-Q2-2026-00067-05,False,CSE-BRAVO-CASE-Q2-2026-00067-INV-05,False
2026-05-13T06:27:30Z,Root Cause Analysis,ANALYST-002,CSE-BRAVO-CASE-Q2-2026-00067,False,False,,True,CSE-BRAVO-CASE-Q2-2026-00067-INV-06,False
2026-06-15T20:41:18Z,Affected Asset Identified,ANALYST-013,CSE-BRAVO-CASE-Q2-2026-00068,False,False,EVREF-CSE-BRAVO-CASE-Q2-2026-00068-01,False,CSE-BRAVO-CASE-Q2-2026-00068-INV-01,False
2026-06-16T05:01:48Z,Evidence Examined,ANALYST-002,CSE-BRAVO-CASE-Q2-2026-00068,False,True,EVREF-CSE-BRAVO-CASE-Q2-2026-00068-02,True,CSE-BRAVO-CASE-Q2-2026-00068-INV-02,False
2026-06-16T13:22:17Z,Remediation Recorded,ANALYST-004,CSE-BRAVO-CASE-Q2-2026-00068,True,True,EVREF-CSE-BRAVO-CASE-Q2-2026-00068-03,True,CSE-BRAVO-CASE-Q2-2026-00068-INV-03,False
2026-06-16T21:42:47Z,Containment Action Taken,ANALYST-004,CSE-BRAVO-CASE-Q2-2026-00068,False,True,EVREF-CSE-BRAVO-CASE-Q2-2026-00068-04,False,CSE-BRAVO-CASE-Q2-2026-00068-INV-04,False
2026-06-17T06:03:17Z,Finding Documented,ANALYST-017,CSE-BRAVO-CASE-Q2-2026-00068,False,False,EVREF-CSE-BRAVO-CASE-Q2-2026-00068-05,True,CSE-BRAVO-CASE-Q2-2026-00068-INV-05,False
2026-06-17T14:23:47Z,Escalation Decision Documented,ANALYST-006,CSE-BRAVO-CASE-Q2-2026-00068,False,True,EVREF-CSE-BRAVO-CASE-Q2-2026-00068-06,False,CSE-BRAVO-CASE-Q2-2026-00068-INV-06,False
2026-06-17T22:44:17Z,Root Cause Analysis,ANALYST-007,CSE-BRAVO-CASE-Q2-2026-00068,False,False,EVREF-CSE-BRAVO-CASE-Q2-2026-00068-07,False,CSE-BRAVO-CASE-Q2-2026-00068-INV-07,False
2026-05-19T22:59:15Z,Containment Action Taken,ANALYST-006,CSE-BRAVO-CASE-Q2-2026-00069,False,False,EVREF-CSE-BRAVO-CASE-Q2-2026-00069-01,True,CSE-BRAVO-CASE-Q2-2026-00069-INV-01,False
2026-05-20T05:01:52Z,Finding Documented,ANALYST-003,CSE-BRAVO-CASE-Q2-2026-00069,True,False,,True,CSE-BRAVO-CASE-Q2-2026-00069-INV-02,False
2026-05-20T11:04:29Z,Evidence Examined,ANALYST-010,CSE-BRAVO-CASE-Q2-2026-00069,False,True,EVREF-CSE-BRAVO-CASE-Q2-2026-00069-03,False,CSE-BRAVO-CASE-Q2-2026-00069-INV-03,False
2026-05-20T17:07:07Z,Disposition Documented,ANALYST-013,CSE-BRAVO-CASE-Q2-2026-00069,True,True,EVREF-CSE-BRAVO-CASE-Q2-2026-00069-04,False,CSE-BRAVO-CASE-Q2-2026-00069-INV-04,False
2026-05-20T23:09:44Z,Remediation Recorded,ANALYST-013,CSE-BRAVO-CASE-Q2-2026-00069,False,False,EVREF-CSE-BRAVO-CASE-Q2-2026-00069-05,False,CSE-BRAVO-CASE-Q2-2026-00069-INV-05,False
2026-05-21T05:12:22Z,Affected Asset Identified,ANALYST-004,CSE-BRAVO-CASE-Q2-2026-00069,False,False,EVREF-CSE-BRAVO-CASE-Q2-2026-00069-06,True,CSE-BRAVO-CASE-Q2-2026-00069-INV-06,False
2026-04-04T09:31:55Z,Alert Reviewed,ANALYST-017,CSE-BRAVO-CASE-Q2-2026-00070,False,True,EVREF-CSE-BRAVO-CASE-Q2-2026-00070-01,True,CSE-BRAVO-CASE-Q2-2026-00070-INV-01,False
2026-04-04T11:57:02Z,Affected Asset Identified,ANALYST-003,CSE-BRAVO-CASE-Q2-2026-00070,False,False,,False,CSE-BRAVO-CASE-Q2-2026-00070-INV-02,False
2026-04-04T14:22:09Z,Containment Action Taken,ANALYST-015,CSE-BRAVO-CASE-Q2-2026-00070,True,True,EVREF-CSE-BRAVO-CASE-Q2-2026-00070-03,True,CSE-BRAVO-CASE-Q2-2026-00070-INV-03,False
2026-04-04T16:47:16Z,Escalation Decision Documented,ANALYST-009,CSE-BRAVO-CASE-Q2-2026-00070,False,True,,True,CSE-BRAVO-CASE-Q2-2026-00070-INV-04,False
2026-04-04T19:12:23Z,Evidence Examined,ANALYST-013,CSE-BRAVO-CASE-Q2-2026-00070,False,False,EVREF-CSE-BRAVO-CASE-Q2-2026-00070-05,False,CSE-BRAVO-CASE-Q2-2026-00070-INV-05,False
2026-04-04T21:37:31Z,Finding Documented,ANALYST-015,CSE-BRAVO-CASE-Q2-2026-00070,True,False,EVREF-CSE-BRAVO-CASE-Q2-2026-00070-06,True,CSE-BRAVO-CASE-Q2-2026-00070-INV-06,False
2026-05-08T20:58:31Z,Disposition Documented,ANALYST-012,CSE-BRAVO-CASE-Q2-2026-00071,True,False,EVREF-CSE-BRAVO-CASE-Q2-2026-00071-01,False,CSE-BRAVO-CASE-Q2-2026-00071-INV-01,False
2026-05-09T06:49:20Z,Affected Asset Identified,ANALYST-011,CSE-BRAVO-CASE-Q2-2026-00071,True,True,,False,CSE-BRAVO-CASE-Q2-2026-00071-INV-02,False
2026-05-09T16:40:08Z,Remediation Recorded,ANALYST-014,CSE-BRAVO-CASE-Q2-2026-00071,False,False,EVREF-CSE-BRAVO-CASE-Q2-2026-00071-03,False,CSE-BRAVO-CASE-Q2-2026-00071-INV-03,True
2026-05-10T02:30:56Z,Evidence Examined,ANALYST-001,CSE-BRAVO-CASE-Q2-2026-00071,False,True,EVREF-CSE-BRAVO-CASE-Q2-2026-00071-04,True,CSE-BRAVO-CASE-Q2-2026-00071-INV-04,False
2026-05-10T12:21:45Z,Containment Action Taken,ANALYST-002,CSE-BRAVO-CASE-Q2-2026-00071,False,False,EVREF-CSE-BRAVO-CASE-Q2-2026-00071-05,False,CSE-BRAVO-CASE-Q2-2026-00071-INV-05,False
2026-05-10T22:12:33Z,Log Correlation Performed,ANALYST-015,CSE-BRAVO-CASE-Q2-2026-00071,False,False,EVREF-CSE-BRAVO-CASE-Q2-2026-00071-06,False,CSE-BRAVO-CASE-Q2-2026-00071-INV-06,False
2026-05-11T08:03:21Z,Escalation Decision Documented,ANALYST-016,CSE-BRAVO-CASE-Q2-2026-00071,False,True,,False,CSE-BRAVO-CASE-Q2-2026-00071-INV-07,False
2026-04-19T05:38:52Z,Containment Action Taken,ANALYST-006,CSE-BRAVO-CASE-Q2-2026-00072,True,True,EVREF-CSE-BRAVO-CASE-Q2-2026-00072-01,False,CSE-BRAVO-CASE-Q2-2026-00072-INV-01,False
2026-04-19T17:39:53Z,Evidence Examined,ANALYST-008,CSE-BRAVO-CASE-Q2-2026-00072,False,False,EVREF-CSE-BRAVO-CASE-Q2-2026-00072-02,True,CSE-BRAVO-CASE-Q2-2026-00072-INV-02,False
2026-04-20T05:40:55Z,Finding Documented,ANALYST-009,CSE-BRAVO-CASE-Q2-2026-00072,False,False,EVREF-CSE-BRAVO-CASE-Q2-2026-00072-03,True,CSE-BRAVO-CASE-Q2-2026-00072-INV-03,False
2026-04-20T17:41:56Z,Remediation Recorded,ANALYST-008,CSE-BRAVO-CASE-Q2-2026-00072,False,False,EVREF-CSE-BRAVO-CASE-Q2-2026-00072-04,False,CSE-BRAVO-CASE-Q2-2026-00072-INV-04,True
2026-04-21T05:42:57Z,Affected Asset Identified,ANALYST-017,CSE-BRAVO-CASE-Q2-2026-00072,False,False,,False,CSE-BRAVO-CASE-Q2-2026-00072-INV-05,False
2026-04-21T17:43:58Z,Root Cause Analysis,ANALYST-013,CSE-BRAVO-CASE-Q2-2026-00072,False,True,EVREF-CSE-BRAVO-CASE-Q2-2026-00072-06,True,CSE-BRAVO-CASE-Q2-2026-00072-INV-06,False
2026-05-24T23:22:41Z,Evidence Examined,ANALYST-016,CSE-BRAVO-CASE-Q2-2026-00073,False,False,,False,CSE-BRAVO-CASE-Q2-2026-00073-INV-01,False
2026-05-25T03:52:03Z,Log Correlation Performed,ANALYST-014,CSE-BRAVO-CASE-Q2-2026-00073,True,False,,False,CSE-BRAVO-CASE-Q2-2026-00073-INV-02,False
2026-05-25T08:21:26Z,Disposition Documented,ANALYST-009,CSE-BRAVO-CASE-Q2-2026-00073,True,True,EVREF-CSE-BRAVO-CASE-Q2-2026-00073-03,False,CSE-BRAVO-CASE-Q2-2026-00073-INV-03,False
2026-05-25T12:50:49Z,Finding Documented,ANALYST-011,CSE-BRAVO-CASE-Q2-2026-00073,True,False,EVREF-CSE-BRAVO-CASE-Q2-2026-00073-04,True,CSE-BRAVO-CASE-Q2-2026-00073-INV-04,False
2026-05-25T17:20:12Z,Containment Action Taken,ANALYST-008,CSE-BRAVO-CASE-Q2-2026-00073,True,True,EVREF-CSE-BRAVO-CASE-Q2-2026-00073-05,False,CSE-BRAVO-CASE-Q2-2026-00073-INV-05,False
2026-05-11T14:46:32Z,Affected Asset Identified,ANALYST-008,CSE-BRAVO-CASE-Q2-2026-00074,False,False,EVREF-CSE-BRAVO-CASE-Q2-2026-00074-01,False,CSE-BRAVO-CASE-Q2-2026-00074-INV-01,False
2026-05-11T18:23:38Z,Disposition Documented,ANALYST-015,CSE-BRAVO-CASE-Q2-2026-00074,True,True,,True,CSE-BRAVO-CASE-Q2-2026-00074-INV-02,False
2026-05-11T22:00:44Z,Evidence Examined,ANALYST-004,CSE-BRAVO-CASE-Q2-2026-00074,True,False,EVREF-CSE-BRAVO-CASE-Q2-2026-00074-03,False,CSE-BRAVO-CASE-Q2-2026-00074-INV-03,False
2026-05-12T01:37:50Z,Alert Reviewed,ANALYST-008,CSE-BRAVO-CASE-Q2-2026-00074,False,True,EVREF-CSE-BRAVO-CASE-Q2-2026-00074-04,False,CSE-BRAVO-CASE-Q2-2026-00074-INV-04,False
2026-05-12T05:14:56Z,Containment Action Taken,ANALYST-003,CSE-BRAVO-CASE-Q2-2026-00074,True,False,EVREF-CSE-BRAVO-CASE-Q2-2026-00074-05,False,CSE-BRAVO-CASE-Q2-2026-00074-INV-05,False
2026-05-12T08:52:02Z,Remediation Recorded,ANALYST-011,CSE-BRAVO-CASE-Q2-2026-00074,False,False,,True,CSE-BRAVO-CASE-Q2-2026-00074-INV-06,True
2026-06-25T20:36:36Z,Containment Action Taken,ANALYST-014,CSE-BRAVO-CASE-Q2-2026-00075,False,False,EVREF-CSE-BRAVO-CASE-Q2-2026-00075-01,False,CSE-BRAVO-CASE-Q2-2026-00075-INV-01,False
2026-06-26T00:52:56Z,Finding Documented,ANALYST-005,CSE-BRAVO-CASE-Q2-2026-00075,True,True,EVREF-CSE-BRAVO-CASE-Q2-2026-00075-02,True,CSE-BRAVO-CASE-Q2-2026-00075-INV-02,False
2026-06-26T05:09:15Z,Affected Asset Identified,ANALYST-004,CSE-BRAVO-CASE-Q2-2026-00075,True,False,EVREF-CSE-BRAVO-CASE-Q2-2026-00075-03,False,CSE-BRAVO-CASE-Q2-2026-00075-INV-03,False
2026-06-26T09:25:34Z,Escalation Decision Documented,ANALYST-016,CSE-BRAVO-CASE-Q2-2026-00075,False,True,EVREF-CSE-BRAVO-CASE-Q2-2026-00075-04,True,CSE-BRAVO-CASE-Q2-2026-00075-INV-04,False
2026-06-26T13:41:53Z,Alert Reviewed,ANALYST-018,CSE-BRAVO-CASE-Q2-2026-00075,False,False,,False,CSE-BRAVO-CASE-Q2-2026-00075-INV-05,False
2026-06-26T17:58:13Z,Evidence Examined,ANALYST-001,CSE-BRAVO-CASE-Q2-2026-00075,False,False,EVREF-CSE-BRAVO-CASE-Q2-2026-00075-06,True,CSE-BRAVO-CASE-Q2-2026-00075-INV-06,False
2026-06-26T22:14:32Z,Root Cause Analysis,ANALYST-010,CSE-BRAVO-CASE-Q2-2026-00075,False,False,EVREF-CSE-BRAVO-CASE-Q2-2026-00075-07,False,CSE-BRAVO-CASE-Q2-2026-00075-INV-07,False
2026-04-27T16:45:08Z,Disposition Documented,ANALYST-018,CSE-BRAVO-CASE-Q2-2026-00076,True,False,EVREF-CSE-BRAVO-CASE-Q2-2026-00076-01,False,CSE-BRAVO-CASE-Q2-2026-00076-INV-01,False
2026-04-27T22:29:07Z,Finding Documented,ANALYST-009,CSE-BRAVO-CASE-Q2-2026-00076,False,False,EVREF-CSE-BRAVO-CASE-Q2-2026-00076-02,True,CSE-BRAVO-CASE-Q2-2026-00076-INV-02,False
2026-04-28T04:13:06Z,Log Correlation Performed,ANALYST-010,CSE-BRAVO-CASE-Q2-2026-00076,False,False,EVREF-CSE-BRAVO-CASE-Q2-2026-00076-03,True,CSE-BRAVO-CASE-Q2-2026-00076-INV-03,False
2026-04-28T09:57:04Z,Escalation Decision Documented,ANALYST-014,CSE-BRAVO-CASE-Q2-2026-00076,False,True,EVREF-CSE-BRAVO-CASE-Q2-2026-00076-04,True,CSE-BRAVO-CASE-Q2-2026-00076-INV-04,False
2026-04-28T15:41:03Z,Root Cause Analysis,ANALYST-008,CSE-BRAVO-CASE-Q2-2026-00076,False,False,EVREF-CSE-BRAVO-CASE-Q2-2026-00076-05,True,CSE-BRAVO-CASE-Q2-2026-00076-INV-05,False
2026-04-28T21:25:02Z,Evidence Examined,ANALYST-017,CSE-BRAVO-CASE-Q2-2026-00076,False,True,EVREF-CSE-BRAVO-CASE-Q2-2026-00076-06,False,CSE-BRAVO-CASE-Q2-2026-00076-INV-06,False
2026-04-29T03:09:01Z,Affected Asset Identified,ANALYST-009,CSE-BRAVO-CASE-Q2-2026-00076,False,False,,False,CSE-BRAVO-CASE-Q2-2026-00076-INV-07,False
2026-04-29T08:53:00Z,Alert Reviewed,ANALYST-005,CSE-BRAVO-CASE-Q2-2026-00076,False,False,EVREF-CSE-BRAVO-CASE-Q2-2026-00076-08,True,CSE-BRAVO-CASE-Q2-2026-00076-INV-08,False
2026-04-08T19:28:38Z,Remediation Recorded,ANALYST-014,CSE-BRAVO-CASE-Q2-2026-00077,True,False,,False,CSE-BRAVO-CASE-Q2-2026-00077-INV-01,False
2026-04-09T02:20:32Z,Log Correlation Performed,ANALYST-006,CSE-BRAVO-CASE-Q2-2026-00077,False,True,EVREF-CSE-BRAVO-CASE-Q2-2026-00077-02,False,CSE-BRAVO-CASE-Q2-2026-00077-INV-02,False
2026-04-09T09:12:25Z,Finding Documented,ANALYST-003,CSE-BRAVO-CASE-Q2-2026-00077,True,False,EVREF-CSE-BRAVO-CASE-Q2-2026-00077-03,True,CSE-BRAVO-CASE-Q2-2026-00077-INV-03,False
2026-04-09T16:04:19Z,Escalation Decision Documented,ANALYST-011,CSE-BRAVO-CASE-Q2-2026-00077,False,True,EVREF-CSE-BRAVO-CASE-Q2-2026-00077-04,True,CSE-BRAVO-CASE-Q2-2026-00077-INV-04,False
2026-04-09T22:56:12Z,Affected Asset Identified,ANALYST-014,CSE-BRAVO-CASE-Q2-2026-00077,False,False,,True,CSE-BRAVO-CASE-Q2-2026-00077-INV-05,False
2026-04-10T05:48:06Z,Root Cause Analysis,ANALYST-014,CSE-BRAVO-CASE-Q2-2026-00077,False,True,EVREF-CSE-BRAVO-CASE-Q2-2026-00077-06,False,CSE-BRAVO-CASE-Q2-2026-00077-INV-06,False
2026-04-10T12:39:59Z,Alert Reviewed,ANALYST-015,CSE-BRAVO-CASE-Q2-2026-00077,True,False,EVREF-CSE-BRAVO-CASE-Q2-2026-00077-07,False,CSE-BRAVO-CASE-Q2-2026-00077-INV-07,False
2026-05-06T04:46:36Z,Alert Reviewed,ANALYST-016,CSE-BRAVO-CASE-Q2-2026-00078,True,True,EVREF-CSE-BRAVO-CASE-Q2-2026-00078-01,True,CSE-BRAVO-CASE-Q2-2026-00078-INV-01,False
2026-05-06T09:09:39Z,Finding Documented,ANALYST-016,CSE-BRAVO-CASE-Q2-2026-00078,False,False,EVREF-CSE-BRAVO-CASE-Q2-2026-00078-02,True,CSE-BRAVO-CASE-Q2-2026-00078-INV-02,False
2026-05-06T13:32:42Z,Root Cause Analysis,ANALYST-002,CSE-BRAVO-CASE-Q2-2026-00078,False,False,EVREF-CSE-BRAVO-CASE-Q2-2026-00078-03,False,CSE-BRAVO-CASE-Q2-2026-00078-INV-03,False
2026-05-06T17:55:45Z,Remediation Recorded,ANALYST-015,CSE-BRAVO-CASE-Q2-2026-00078,False,True,EVREF-CSE-BRAVO-CASE-Q2-2026-00078-04,False,CSE-BRAVO-CASE-Q2-2026-00078-INV-04,True
2026-05-06T22:18:48Z,Evidence Examined,ANALYST-008,CSE-BRAVO-CASE-Q2-2026-00078,False,False,,True,CSE-BRAVO-CASE-Q2-2026-00078-INV-05,False
2026-05-07T02:41:52Z,Log Correlation Performed,ANALYST-009,CSE-BRAVO-CASE-Q2-2026-00078,False,False,,True,CSE-BRAVO-CASE-Q2-2026-00078-INV-06,False
2026-05-07T07:04:55Z,Containment Action Taken,ANALYST-017,CSE-BRAVO-CASE-Q2-2026-00078,False,True,EVREF-CSE-BRAVO-CASE-Q2-2026-00078-07,True,CSE-BRAVO-CASE-Q2-2026-00078-INV-07,False
2026-05-07T11:27:58Z,Disposition Documented,ANALYST-005,CSE-BRAVO-CASE-Q2-2026-00078,True,True,EVREF-CSE-BRAVO-CASE-Q2-2026-00078-08,False,CSE-BRAVO-CASE-Q2-2026-00078-INV-08,False
2026-05-05T12:03:09Z,Escalation Decision Documented,ANALYST-016,CSE-BRAVO-CASE-Q2-2026-00079,False,True,,True,CSE-BRAVO-CASE-Q2-2026-00079-INV-01,False
2026-05-05T12:15:49Z,Disposition Documented,ANALYST-012,CSE-BRAVO-CASE-Q2-2026-00079,True,False,EVREF-CSE-BRAVO-CASE-Q2-2026-00079-02,True,CSE-BRAVO-CASE-Q2-2026-00079-INV-02,False
2026-05-05T12:28:29Z,Finding Documented,ANALYST-011,CSE-BRAVO-CASE-Q2-2026-00079,True,True,EVREF-CSE-BRAVO-CASE-Q2-2026-00079-03,True,CSE-BRAVO-CASE-Q2-2026-00079-INV-03,False
2026-04-20T15:52:08Z,Containment Action Taken,ANALYST-002,CSE-BRAVO-CASE-Q2-2026-00080,True,False,EVREF-CSE-BRAVO-CASE-Q2-2026-00080-01,True,CSE-BRAVO-CASE-Q2-2026-00080-INV-01,False
2026-04-21T00:49:02Z,Disposition Documented,ANALYST-016,CSE-BRAVO-CASE-Q2-2026-00080,True,True,EVREF-CSE-BRAVO-CASE-Q2-2026-00080-02,True,CSE-BRAVO-CASE-Q2-2026-00080-INV-02,False
2026-04-21T09:45:57Z,Escalation Decision Documented,ANALYST-011,CSE-BRAVO-CASE-Q2-2026-00080,False,True,EVREF-CSE-BRAVO-CASE-Q2-2026-00080-03,False,CSE-BRAVO-CASE-Q2-2026-00080-INV-03,False
2026-04-21T18:42:51Z,Alert Reviewed,ANALYST-018,CSE-BRAVO-CASE-Q2-2026-00080,False,False,EVREF-CSE-BRAVO-CASE-Q2-2026-00080-04,False,CSE-BRAVO-CASE-Q2-2026-00080-INV-04,False
2026-04-22T03:39:45Z,Remediation Recorded,ANALYST-008,CSE-BRAVO-CASE-Q2-2026-00080,False,False,EVREF-CSE-BRAVO-CASE-Q2-2026-00080-05,False,CSE-BRAVO-CASE-Q2-2026-00080-INV-05,False
2026-04-22T12:36:39Z,Log Correlation Performed,ANALYST-012,CSE-BRAVO-CASE-Q2-2026-00080,True,True,EVREF-CSE-BRAVO-CASE-Q2-2026-00080-06,False,CSE-BRAVO-CASE-Q2-2026-00080-INV-06,False
2026-05-24T07:53:14Z,Affected Asset Identified,ANALYST-017,CSE-BRAVO-CASE-Q2-2026-00081,False,False,EVREF-CSE-BRAVO-CASE-Q2-2026-00081-01,False,CSE-BRAVO-CASE-Q2-2026-00081-INV-01,False
2026-05-24T08:45:20Z,Escalation Decision Documented,ANALYST-011,CSE-BRAVO-CASE-Q2-2026-00081,False,True,,False,CSE-BRAVO-CASE-Q2-2026-00081-INV-02,False
2026-05-24T09:37:27Z,Root Cause Analysis,ANALYST-013,CSE-BRAVO-CASE-Q2-2026-00081,True,False,,True,CSE-BRAVO-CASE-Q2-2026-00081-INV-03,False
2026-05-24T10:29:33Z,Finding Documented,ANALYST-006,CSE-BRAVO-CASE-Q2-2026-00081,False,False,EVREF-CSE-BRAVO-CASE-Q2-2026-00081-04,True,CSE-BRAVO-CASE-Q2-2026-00081-INV-04,False
2026-05-24T11:21:40Z,Alert Reviewed,ANALYST-015,CSE-BRAVO-CASE-Q2-2026-00081,False,False,EVREF-CSE-BRAVO-CASE-Q2-2026-00081-05,False,CSE-BRAVO-CASE-Q2-2026-00081-INV-05,False
2026-05-24T12:13:46Z,Log Correlation Performed,ANALYST-013,CSE-BRAVO-CASE-Q2-2026-00081,False,False,EVREF-CSE-BRAVO-CASE-Q2-2026-00081-06,False,CSE-BRAVO-CASE-Q2-2026-00081-INV-06,False
2026-05-24T13:05:53Z,Containment Action Taken,ANALYST-009,CSE-BRAVO-CASE-Q2-2026-00081,True,False,EVREF-CSE-BRAVO-CASE-Q2-2026-00081-07,True,CSE-BRAVO-CASE-Q2-2026-00081-INV-07,False
2026-05-24T13:57:59Z,Evidence Examined,ANALYST-012,CSE-BRAVO-CASE-Q2-2026-00081,True,False,,False,CSE-BRAVO-CASE-Q2-2026-00081-INV-08,False
2026-06-12T09:29:49Z,Log Correlation Performed,ANALYST-011,CSE-BRAVO-CASE-Q2-2026-00082,False,True,EVREF-CSE-BRAVO-CASE-Q2-2026-00082-01,False,CSE-BRAVO-CASE-Q2-2026-00082-INV-01,False
2026-06-12T16:24:54Z,Affected Asset Identified,ANALYST-007,CSE-BRAVO-CASE-Q2-2026-00082,False,False,EVREF-CSE-BRAVO-CASE-Q2-2026-00082-02,True,CSE-BRAVO-CASE-Q2-2026-00082-INV-02,False
2026-06-12T23:19:58Z,Alert Reviewed,ANALYST-015,CSE-BRAVO-CASE-Q2-2026-00082,False,False,EVREF-CSE-BRAVO-CASE-Q2-2026-00082-03,False,CSE-BRAVO-CASE-Q2-2026-00082-INV-03,False
2026-06-13T06:15:03Z,Root Cause Analysis,ANALYST-008,CSE-BRAVO-CASE-Q2-2026-00082,False,False,,False,CSE-BRAVO-CASE-Q2-2026-00082-INV-04,False
2026-06-13T13:10:08Z,Disposition Documented,ANALYST-001,CSE-BRAVO-CASE-Q2-2026-00082,True,False,EVREF-CSE-BRAVO-CASE-Q2-2026-00082-05,False,CSE-BRAVO-CASE-Q2-2026-00082-INV-05,False
2026-06-13T20:05:13Z,Finding Documented,ANALYST-002,CSE-BRAVO-CASE-Q2-2026-00082,False,False,EVREF-CSE-BRAVO-CASE-Q2-2026-00082-06,True,CSE-BRAVO-CASE-Q2-2026-00082-INV-06,False
2026-06-14T03:00:18Z,Escalation Decision Documented,ANALYST-011,CSE-BRAVO-CASE-Q2-2026-00082,True,True,EVREF-CSE-BRAVO-CASE-Q2-2026-00082-07,True,CSE-BRAVO-CASE-Q2-2026-00082-INV-07,False
2026-04-22T09:58:35Z,Disposition Documented,ANALYST-016,CSE-BRAVO-CASE-Q2-2026-00083,True,False,EVREF-CSE-BRAVO-CASE-Q2-2026-00083-01,False,CSE-BRAVO-CASE-Q2-2026-00083-INV-01,False
2026-04-22T17:45:13Z,Log Correlation Performed,ANALYST-002,CSE-BRAVO-CASE-Q2-2026-00083,True,True,EVREF-CSE-BRAVO-CASE-Q2-2026-00083-02,True,CSE-BRAVO-CASE-Q2-2026-00083-INV-02,False
2026-04-23T01:31:52Z,Alert Reviewed,ANALYST-006,CSE-BRAVO-CASE-Q2-2026-00083,False,False,EVREF-CSE-BRAVO-CASE-Q2-2026-00083-03,False,CSE-BRAVO-CASE-Q2-2026-00083-INV-03,False
2026-04-23T09:18:30Z,Evidence Examined,ANALYST-007,CSE-BRAVO-CASE-Q2-2026-00083,False,False,EVREF-CSE-BRAVO-CASE-Q2-2026-00083-04,False,CSE-BRAVO-CASE-Q2-2026-00083-INV-04,False
2026-04-23T17:05:09Z,Remediation Recorded,ANALYST-003,CSE-BRAVO-CASE-Q2-2026-00083,False,False,EVREF-CSE-BRAVO-CASE-Q2-2026-00083-05,False,CSE-BRAVO-CASE-Q2-2026-00083-INV-05,True
2026-06-24T08:31:05Z,Remediation Recorded,ANALYST-009,CSE-BRAVO-CASE-Q2-2026-00084,False,False,EVREF-CSE-BRAVO-CASE-Q2-2026-00084-01,True,CSE-BRAVO-CASE-Q2-2026-00084-INV-01,False
2026-06-24T12:57:06Z,Log Correlation Performed,ANALYST-004,CSE-BRAVO-CASE-Q2-2026-00084,True,True,EVREF-CSE-BRAVO-CASE-Q2-2026-00084-02,False,CSE-BRAVO-CASE-Q2-2026-00084-INV-02,False
2026-06-24T17:23:07Z,Root Cause Analysis,ANALYST-015,CSE-BRAVO-CASE-Q2-2026-00084,False,False,,False,CSE-BRAVO-CASE-Q2-2026-00084-INV-03,False
2026-06-24T21:49:08Z,Alert Reviewed,ANALYST-016,CSE-BRAVO-CASE-Q2-2026-00084,False,False,,False,CSE-BRAVO-CASE-Q2-2026-00084-INV-04,False
2026-06-25T02:15:09Z,Containment Action Taken,ANALYST-004,CSE-BRAVO-CASE-Q2-2026-00084,True,False,,False,CSE-BRAVO-CASE-Q2-2026-00084-INV-05,False
2026-06-18T16:02:25Z,Root Cause Analysis,ANALYST-002,CSE-BRAVO-CASE-Q2-2026-00085,True,False,EVREF-CSE-BRAVO-CASE-Q2-2026-00085-01,False,CSE-BRAVO-CASE-Q2-2026-00085-INV-01,False
2026-06-18T16:12:43Z,Affected Asset Identified,ANALYST-014,CSE-BRAVO-CASE-Q2-2026-00085,False,False,EVREF-CSE-BRAVO-CASE-Q2-2026-00085-02,True,CSE-BRAVO-CASE-Q2-2026-00085-INV-02,False
2026-06-18T16:23:01Z,Disposition Documented,ANALYST-004,CSE-BRAVO-CASE-Q2-2026-00085,True,False,EVREF-CSE-BRAVO-CASE-Q2-2026-00085-03,True,CSE-BRAVO-CASE-Q2-2026-00085-INV-03,False
2026-05-17T02:46:17Z,Remediation Recorded,ANALYST-005,CSE-BRAVO-CASE-Q2-2026-00086,False,False,EVREF-CSE-BRAVO-CASE-Q2-2026-00086-01,True,CSE-BRAVO-CASE-Q2-2026-00086-INV-01,True
2026-05-17T08:41:53Z,Alert Reviewed,ANALYST-018,CSE-BRAVO-CASE-Q2-2026-00086,True,False,EVREF-CSE-BRAVO-CASE-Q2-2026-00086-02,False,CSE-BRAVO-CASE-Q2-2026-00086-INV-02,False
2026-05-17T14:37:30Z,Finding Documented,ANALYST-014,CSE-BRAVO-CASE-Q2-2026-00086,True,True,EVREF-CSE-BRAVO-CASE-Q2-2026-00086-03,True,CSE-BRAVO-CASE-Q2-2026-00086-INV-03,False
2026-05-17T20:33:06Z,Evidence Examined,ANALYST-003,CSE-BRAVO-CASE-Q2-2026-00086,False,False,,False,CSE-BRAVO-CASE-Q2-2026-00086-INV-04,False
2026-05-18T02:28:42Z,Disposition Documented,ANALYST-001,CSE-BRAVO-CASE-Q2-2026-00086,True,False,EVREF-CSE-BRAVO-CASE-Q2-2026-00086-05,True,CSE-BRAVO-CASE-Q2-2026-00086-INV-05,False
2026-05-18T08:24:18Z,Escalation Decision Documented,ANALYST-004,CSE-BRAVO-CASE-Q2-2026-00086,False,True,EVREF-CSE-BRAVO-CASE-Q2-2026-00086-06,True,CSE-BRAVO-CASE-Q2-2026-00086-INV-06,False
2026-05-18T14:19:55Z,Containment Action Taken,ANALYST-009,CSE-BRAVO-CASE-Q2-2026-00086,False,False,EVREF-CSE-BRAVO-CASE-Q2-2026-00086-07,False,CSE-BRAVO-CASE-Q2-2026-00086-INV-07,False
