alert_id,asset_id,availability_status,case_id,event_timestamp,evidence_id,evidence_type,integrity_reference,reference_id,source_system
CSE-CHARLIE-ALT-Q1-2026-00002,CSE-CHARLIE-AST-0038,AVAILABLE,CSE-CHARLIE-CASE-Q1-2026-00001,2026-02-01T10:32:45Z,CSE-CHARLIE-CASE-Q1-2026-00001-EV-01,Packet Metadata Reference,,REF-431345,OT-Historian-Watch
CSE-CHARLIE-ALT-Q1-2026-00002,CSE-CHARLIE-AST-0038,AVAILABLE,CSE-CHARLIE-CASE-Q1-2026-00001,2026-02-01T07:51:45Z,CSE-CHARLIE-CASE-Q1-2026-00001-EV-02,Alert Raw Record,SHA256:69bdae0a0ec89cf2,REF-578417,NIDS-Perimeter
CSE-CHARLIE-ALT-Q1-2026-00007,CSE-CHARLIE-AST-0032,AVAILABLE,CSE-CHARLIE-CASE-Q1-2026-00002,2026-02-27T19:10:26Z,CSE-CHARLIE-CASE-Q1-2026-00002-EV-01,EDR Detection Record,,REF-622070,NIDS-Perimeter
CSE-CHARLIE-ALT-Q1-2026-00011,CSE-CHARLIE-AST-0060,AVAILABLE,CSE-CHARLIE-CASE-Q1-2026-00003,2026-03-07T12:23:37Z,CSE-CHARLIE-CASE-Q1-2026-00003-EV-01,Config Snapshot Reference,SHA256:77f709e13ab50005,REF-582915,OT-Historian-Watch
CSE-CHARLIE-ALT-Q1-2026-00011,CSE-CHARLIE-AST-0060,AVAILABLE,CSE-CHARLIE-CASE-Q1-2026-00003,2026-03-07T06:40:37Z,CSE-CHARLIE-CASE-Q1-2026-00003-EV-02,EDR Detection Record,,REF-227994,IAM-Monitor
CSE-CHARLIE-ALT-Q1-2026-00013,CSE-CHARLIE-AST-0006,AVAILABLE,CSE-CHARLIE-CASE-Q1-2026-00004,2026-03-03T22:53:43Z,CSE-CHARLIE-CASE-Q1-2026-00004-EV-01,Config Snapshot Reference,SHA256:f58e2a161de4239f,REF-145381,Cloud-Sec-Posture
CSE-CHARLIE-ALT-Q1-2026-00020,CSE-CHARLIE-AST-0021,AVAILABLE,CSE-CHARLIE-CASE-Q1-2026-00005,2026-03-16T03:32:51Z,CSE-CHARLIE-CASE-Q1-2026-00005-EV-01,Packet Metadata Reference,SHA256:38a6f9edc2619dec,REF-536215,EDR-Sentinel
CSE-CHARLIE-ALT-Q1-2026-00020,CSE-CHARLIE-AST-0021,AVAILABLE,CSE-CHARLIE-CASE-Q1-2026-00005,2026-03-16T10:25:51Z,CSE-CHARLIE-CASE-Q1-2026-00005-EV-02,EDR Detection Record,SHA256:0ec36cd278526bfb,REF-620310,Cloud-Sec-Posture
CSE-CHARLIE-ALT-Q1-2026-00020,CSE-CHARLIE-AST-0021,AVAILABLE,CSE-CHARLIE-CASE-Q1-2026-00005,2026-03-16T05:28:51Z,CSE-CHARLIE-CASE-Q1-2026-00005-EV-03,Config Snapshot Reference,SHA256:9b773d944908cfdb,REF-933828,SIEM-Core
CSE-CHARLIE-ALT-Q1-2026-00021,CSE-CHARLIE-AST-0042,AVAILABLE,CSE-CHARLIE-CASE-Q1-2026-00006,2026-03-31T09:15:14Z,CSE-CHARLIE-CASE-Q1-2026-00006-EV-01,Config Snapshot Reference,SHA256:ac1639ac8934ca51,REF-479558,SIEM-Core
CSE-CHARLIE-ALT-Q1-2026-00024,CSE-CHARLIE-AST-0033,AVAILABLE,CSE-CHARLIE-CASE-Q1-2026-00007,2026-03-07T22:43:22Z,CSE-CHARLIE-CASE-Q1-2026-00007-EV-01,Email Header Reference,,REF-362983,OT-Historian-Watch
CSE-CHARLIE-ALT-Q1-2026-00032,CSE-CHARLIE-AST-0037,AVAILABLE,CSE-CHARLIE-CASE-Q1-2026-00008,2026-01-28T18:48:30Z,CSE-CHARLIE-CASE-Q1-2026-00008-EV-01,Email Header Reference,SHA256:c650c36d5b919ecf,REF-549005,Firewall-Log
CSE-CHARLIE-ALT-Q1-2026-00034,CSE-CHARLIE-AST-0005,AVAILABLE,CSE-CHARLIE-CASE-Q1-2026-00009,2026-01-07T07:42:06Z,CSE-CHARLIE-CASE-Q1-2026-00009-EV-01,Email Header Reference,SHA256:fd864254f776f98e,REF-471244,SIEM-Core
CSE-CHARLIE-ALT-Q1-2026-00034,CSE-CHARLIE-AST-0005,REDACTED,CSE-CHARLIE-CASE-Q1-2026-00009,2026-01-07T05:00:06Z,CSE-CHARLIE-CASE-Q1-2026-00009-EV-02,Config Snapshot Reference,,REF-877468,Cloud-Sec-Posture
CSE-CHARLIE-ALT-Q1-2026-00039,CSE-CHARLIE-AST-0049,AVAILABLE,CSE-CHARLIE-CASE-Q1-2026-00011,2026-03-20T10:48:23Z,CSE-CHARLIE-CASE-Q1-2026-00011-EV-01,Log Extract Reference,SHA256:e34bfe645ffef5db,REF-138698,Cloud-Sec-Posture
CSE-CHARLIE-ALT-Q1-2026-00039,CSE-CHARLIE-AST-0049,AVAILABLE,CSE-CHARLIE-CASE-Q1-2026-00011,2026-03-20T17:20:23Z,CSE-CHARLIE-CASE-Q1-2026-00011-EV-02,Packet Metadata Reference,SHA256:ba24d499ecf3f2d2,REF-533511,Cloud-Sec-Posture
CSE-CHARLIE-ALT-Q1-2026-00041,CSE-CHARLIE-AST-0036,AVAILABLE,CSE-CHARLIE-CASE-Q1-2026-00012,2026-03-06T02:36:09Z,CSE-CHARLIE-CASE-Q1-2026-00012-EV-01,Ticket Record,,REF-582598,Cloud-Sec-Posture
CSE-CHARLIE-ALT-Q1-2026-00045,CSE-CHARLIE-AST-0019,AVAILABLE,CSE-CHARLIE-CASE-Q1-2026-00013,2026-01-23T05:39:57Z,CSE-CHARLIE-CASE-Q1-2026-00013-EV-01,Log Extract Reference,SHA256:dc3b3f436ee8015b,REF-476194,Firewall-Log
CSE-CHARLIE-ALT-Q1-2026-00045,CSE-CHARLIE-AST-0019,AVAILABLE,CSE-CHARLIE-CASE-Q1-2026-00013,2026-01-23T04:44:57Z,CSE-CHARLIE-CASE-Q1-2026-00013-EV-02,Packet Metadata Reference,SHA256:00857590c701595e,REF-702563,NIDS-Perimeter
CSE-CHARLIE-ALT-Q1-2026-00045,CSE-CHARLIE-AST-0019,AVAILABLE,CSE-CHARLIE-CASE-Q1-2026-00013,2026-01-23T09:09:57Z,CSE-CHARLIE-CASE-Q1-2026-00013-EV-03,Access Log Reference,SHA256:1956d8d06fce4237,REF-321398,IAM-Monitor
CSE-CHARLIE-ALT-Q1-2026-00045,CSE-CHARLIE-AST-0019,AVAILABLE,CSE-CHARLIE-CASE-Q1-2026-00013,2026-01-23T09:03:57Z,CSE-CHARLIE-CASE-Q1-2026-00013-EV-04,Log Extract Reference,SHA256:ec2bbadca943d37f,REF-146755,Firewall-Log
CSE-CHARLIE-ALT-Q1-2026-00050,CSE-CHARLIE-AST-0001,AVAILABLE,CSE-CHARLIE-CASE-Q1-2026-00014,2026-02-04T03:28:19Z,CSE-CHARLIE-CASE-Q1-2026-00014-EV-01,Config Snapshot Reference,SHA256:a91f4b1474df3309,REF-500004,OT-Historian-Watch
CSE-CHARLIE-ALT-Q1-2026-00050,CSE-CHARLIE-AST-0001,AVAILABLE,CSE-CHARLIE-CASE-Q1-2026-00014,2026-02-04T10:54:19Z,CSE-CHARLIE-CASE-Q1-2026-00014-EV-02,Ticket Record,SHA256:63a79b4839b75c50,REF-506283,NIDS-Perimeter
CSE-CHARLIE-ALT-Q1-2026-00050,CSE-CHARLIE-AST-0001,AVAILABLE,CSE-CHARLIE-CASE-Q1-2026-00014,2026-02-04T07:34:19Z,CSE-CHARLIE-CASE-Q1-2026-00014-EV-03,Ticket Record,,REF-728938,OT-Historian-Watch
CSE-CHARLIE-ALT-Q1-2026-00050,CSE-CHARLIE-AST-0001,AVAILABLE,CSE-CHARLIE-CASE-Q1-2026-00014,2026-02-04T04:30:19Z,CSE-CHARLIE-CASE-Q1-2026-00014-EV-04,Config Snapshot Reference,,REF-684640,SIEM-Core
CSE-CHARLIE-ALT-Q1-2026-00052,CSE-CHARLIE-AST-0028,AVAILABLE,CSE-CHARLIE-CASE-Q1-2026-00015,2026-03-18T21:01:27Z,CSE-CHARLIE-CASE-Q1-2026-00015-EV-01,Log Extract Reference,SHA256:0d0b37f28ab63c29,REF-294644,EDR-Sentinel
CSE-CHARLIE-ALT-Q1-2026-00052,CSE-CHARLIE-AST-0028,AVAILABLE,CSE-CHARLIE-CASE-Q1-2026-00015,2026-03-18T21:34:27Z,CSE-CHARLIE-CASE-Q1-2026-00015-EV-02,Ticket Record,SHA256:87ca18bfc1dff6a6,REF-121822,EDR-Sentinel
CSE-CHARLIE-ALT-Q1-2026-00052,CSE-CHARLIE-AST-0028,AVAILABLE,CSE-CHARLIE-CASE-Q1-2026-00015,2026-03-18T19:59:27Z,CSE-CHARLIE-CASE-Q1-2026-00015-EV-03,Email Header Reference,SHA256:1eaf96bf102d1fe1,REF-577081,Firewall-Log
CSE-CHARLIE-ALT-Q1-2026-00056,CSE-CHARLIE-AST-0066,AVAILABLE,CSE-CHARLIE-CASE-Q1-2026-00016,2026-02-21T20:40:02Z,CSE-CHARLIE-CASE-Q1-2026-00016-EV-01,Access Log Reference,SHA256:420619576e616a07,REF-124401,NIDS-Perimeter
CSE-CHARLIE-ALT-Q1-2026-00056,CSE-CHARLIE-AST-0066,AVAILABLE,CSE-CHARLIE-CASE-Q1-2026-00016,2026-02-21T16:54:02Z,CSE-CHARLIE-CASE-Q1-2026-00016-EV-02,Log Extract Reference,SHA256:6d608922301ed63b,REF-996417,Firewall-Log
CSE-CHARLIE-ALT-Q1-2026-00056,CSE-CHARLIE-AST-0066,AVAILABLE,CSE-CHARLIE-CASE-Q1-2026-00016,2026-02-21T14:43:02Z,CSE-CHARLIE-CASE-Q1-2026-00016-EV-03,Access Log Reference,SHA256:f66a66c8ead7a23f,REF-139059,SIEM-Core
CSE-CHARLIE-ALT-Q1-2026-00059,CSE-CHARLIE-AST-0025,AVAILABLE,CSE-CHARLIE-CASE-Q1-2026-00017,2026-01-09T02:04:41Z,CSE-CHARLIE-CASE-Q1-2026-00017-EV-01,Access Log Reference,SHA256:e72c34822d0ade74,REF-321437,OT-Historian-Watch
CSE-CHARLIE-ALT-Q1-2026-00059,CSE-CHARLIE-AST-0025,AVAILABLE,CSE-CHARLIE-CASE-Q1-2026-00017,2026-01-09T06:02:41Z,CSE-CHARLIE-CASE-Q1-2026-00017-EV-02,Packet Metadata Reference,SHA256:b13503e0aec2b5ac,REF-603565,Cloud-Sec-Posture
CSE-CHARLIE-ALT-Q1-2026-00059,CSE-CHARLIE-AST-0025,REDACTED,CSE-CHARLIE-CASE-Q1-2026-00017,2026-01-09T05:14:41Z,CSE-CHARLIE-CASE-Q1-2026-00017-EV-03,Config Snapshot Reference,SHA256:850914f456395dfa,REF-680103,Firewall-Log
CSE-CHARLIE-ALT-Q1-2026-00060,CSE-CHARLIE-AST-0049,AVAILABLE,CSE-CHARLIE-CASE-Q1-2026-00018,2026-01-23T21:51:25Z,CSE-CHARLIE-CASE-Q1-2026-00018-EV-01,Alert Raw Record,SHA256:a5accbea378f3b9e,REF-986855,IAM-Monitor
CSE-CHARLIE-ALT-Q1-2026-00060,CSE-CHARLIE-AST-0049,AVAILABLE,CSE-CHARLIE-CASE-Q1-2026-00018,2026-01-23T19:55:25Z,CSE-CHARLIE-CASE-Q1-2026-00018-EV-02,Email Header Reference,,REF-462283,Cloud-Sec-Posture
CSE-CHARLIE-ALT-Q1-2026-00060,CSE-CHARLIE-AST-0049,AVAILABLE,CSE-CHARLIE-CASE-Q1-2026-00018,2026-01-23T18:37:25Z,CSE-CHARLIE-CASE-Q1-2026-00018-EV-03,Log Extract Reference,SHA256:4698f7d794273b7e,REF-992846,SIEM-Core
CSE-CHARLIE-ALT-Q1-2026-00062,CSE-CHARLIE-AST-0045,AVAILABLE,CSE-CHARLIE-CASE-Q1-2026-00019,2026-01-13T23:54:47Z,CSE-CHARLIE-CASE-Q1-2026-00019-EV-01,Access Log Reference,SHA256:bbbf2047155f5035,REF-420441,NIDS-Perimeter
CSE-CHARLIE-ALT-Q1-2026-00062,CSE-CHARLIE-AST-0045,AVAILABLE,CSE-CHARLIE-CASE-Q1-2026-00019,2026-01-13T22:37:47Z,CSE-CHARLIE-CASE-Q1-2026-00019-EV-02,Alert Raw Record,,REF-190381,EDR-Sentinel
CSE-CHARLIE-ALT-Q1-2026-00071,CSE-CHARLIE-AST-0053,AVAILABLE,CSE-CHARLIE-CASE-Q1-2026-00020,2026-01-01T20:45:28Z,CSE-CHARLIE-CASE-Q1-2026-00020-EV-01,Alert Raw Record,,REF-790672,NIDS-Perimeter
CSE-CHARLIE-ALT-Q1-2026-00071,CSE-CHARLIE-AST-0053,AVAILABLE,CSE-CHARLIE-CASE-Q1-2026-00020,2026-01-01T19:19:28Z,CSE-CHARLIE-CASE-Q1-2026-00020-EV-02,Log Extract Reference,SHA256:ed6477307461d221,REF-512356,Cloud-Sec-Posture
CSE-CHARLIE-ALT-Q1-2026-00071,CSE-CHARLIE-AST-0053,AVAILABLE,CSE-CHARLIE-CASE-Q1-2026-00020,2026-01-02T03:56:28Z,CSE-CHARLIE-CASE-Q1-2026-00020-EV-03,EDR Detection Record,SHA256:85049c8f5ed95233,REF-755110,IAM-Monitor
CSE-CHARLIE-ALT-Q1-2026-00072,CSE-CHARLIE-AST-0031,AVAILABLE,CSE-CHARLIE-CASE-Q1-2026-00021,2026-02-07T09:16:37Z,CSE-CHARLIE-CASE-Q1-2026-00021-EV-01,Log Extract Reference,SHA256:52de11eb25790e12,REF-448457,Cloud-Sec-Posture
CSE-CHARLIE-ALT-Q1-2026-00072,CSE-CHARLIE-AST-0031,AVAILABLE,CSE-CHARLIE-CASE-Q1-2026-00021,2026-02-07T07:20:37Z,CSE-CHARLIE-CASE-Q1-2026-00021-EV-02,Packet Metadata Reference,SHA256:65e2a94bc0089a7c,REF-844767,NIDS-Perimeter
CSE-CHARLIE-ALT-Q1-2026-00072,CSE-CHARLIE-AST-0031,AVAILABLE,CSE-CHARLIE-CASE-Q1-2026-00021,2026-02-07T09:11:37Z,CSE-CHARLIE-CASE-Q1-2026-00021-EV-03,Packet Metadata Reference,SHA256:afed5bcbb353cc3b,REF-256065,NIDS-Perimeter
CSE-CHARLIE-ALT-Q1-2026-00075,CSE-CHARLIE-AST-0030,AVAILABLE,CSE-CHARLIE-CASE-Q1-2026-00022,2026-02-26T15:15:51Z,CSE-CHARLIE-CASE-Q1-2026-00022-EV-01,Access Log Reference,,REF-469690,Cloud-Sec-Posture
CSE-CHARLIE-ALT-Q1-2026-00077,CSE-CHARLIE-AST-0014,AVAILABLE,CSE-CHARLIE-CASE-Q1-2026-00023,2026-03-20T15:33:08Z,CSE-CHARLIE-CASE-Q1-2026-00023-EV-01,Log Extract Reference,SHA256:9175b07653ee2ced,REF-485578,OT-Historian-Watch
CSE-CHARLIE-ALT-Q1-2026-00077,CSE-CHARLIE-AST-0014,AVAILABLE,CSE-CHARLIE-CASE-Q1-2026-00023,2026-03-20T16:34:08Z,CSE-CHARLIE-CASE-Q1-2026-00023-EV-02,Packet Metadata Reference,SHA256:112a5bc31b2fe491,REF-266207,SIEM-Core
CSE-CHARLIE-ALT-Q1-2026-00077,CSE-CHARLIE-AST-0014,UNAVAILABLE,CSE-CHARLIE-CASE-Q1-2026-00023,2026-03-20T14:16:08Z,CSE-CHARLIE-CASE-Q1-2026-00023-EV-03,Packet Metadata Reference,,REF-226874,NIDS-Perimeter
CSE-CHARLIE-ALT-Q1-2026-00079,CSE-CHARLIE-AST-0066,AVAILABLE,CSE-CHARLIE-CASE-Q1-2026-00024,2026-01-05T16:27:47Z,CSE-CHARLIE-CASE-Q1-2026-00024-EV-01,Ticket Record,,REF-804715,OT-Historian-Watch
CSE-CHARLIE-ALT-Q1-2026-00079,CSE-CHARLIE-AST-0066,AVAILABLE,CSE-CHARLIE-CASE-Q1-2026-00024,2026-01-05T13:21:47Z,CSE-CHARLIE-CASE-Q1-2026-00024-EV-02,Packet Metadata Reference,SHA256:01ba186c66d09a22,REF-677073,NIDS-Perimeter
CSE-CHARLIE-ALT-Q1-2026-00085,CSE-CHARLIE-AST-0017,AVAILABLE,CSE-CHARLIE-CASE-Q1-2026-00025,2026-02-06T05:23:07Z,CSE-CHARLIE-CASE-Q1-2026-00025-EV-01,Access Log Reference,SHA256:f58906c82fa0f1a5,REF-193168,SIEM-Core
CSE-CHARLIE-ALT-Q1-2026-00085,CSE-CHARLIE-AST-0017,AVAILABLE,CSE-CHARLIE-CASE-Q1-2026-00025,2026-02-06T06:54:07Z,CSE-CHARLIE-CASE-Q1-2026-00025-EV-02,Ticket Record,SHA256:6c9509d3844e66b2,REF-601499,Firewall-Log
CSE-CHARLIE-ALT-Q1-2026-00085,CSE-CHARLIE-AST-0017,AVAILABLE,CSE-CHARLIE-CASE-Q1-2026-00025,2026-02-06T06:31:07Z,CSE-CHARLIE-CASE-Q1-2026-00025-EV-03,Alert Raw Record,SHA256:95a64f3ce1e9bb7f,REF-715263,EDR-Sentinel
CSE-CHARLIE-ALT-Q1-2026-00085,CSE-CHARLIE-AST-0017,REDACTED,CSE-CHARLIE-CASE-Q1-2026-00025,2026-02-06T12:22:07Z,CSE-CHARLIE-CASE-Q1-2026-00025-EV-04,Ticket Record,SHA256:74b4c9399875fa63,REF-180616,Cloud-Sec-Posture
CSE-CHARLIE-ALT-Q1-2026-00086,CSE-CHARLIE-AST-0041,AVAILABLE,CSE-CHARLIE-CASE-Q1-2026-00026,2026-01-11T18:30:17Z,CSE-CHARLIE-CASE-Q1-2026-00026-EV-01,Ticket Record,SHA256:01e3d6251053285e,REF-415312,Cloud-Sec-Posture
CSE-CHARLIE-ALT-Q1-2026-00086,CSE-CHARLIE-AST-0041,AVAILABLE,CSE-CHARLIE-CASE-Q1-2026-00026,2026-01-11T14:35:17Z,CSE-CHARLIE-CASE-Q1-2026-00026-EV-02,Alert Raw Record,,REF-214307,IAM-Monitor
CSE-CHARLIE-ALT-Q1-2026-00086,CSE-CHARLIE-AST-0041,AVAILABLE,CSE-CHARLIE-CASE-Q1-2026-00026,2026-01-11T11:33:17Z,CSE-CHARLIE-CASE-Q1-2026-00026-EV-03,Access Log Reference,SHA256:dd3d2add71deb14f,REF-291447,IAM-Monitor
CSE-CHARLIE-ALT-Q1-2026-00089,CSE-CHARLIE-AST-0063,REDACTED,CSE-CHARLIE-CASE-Q1-2026-00027,2026-01-11T11:37:28Z,CSE-CHARLIE-CASE-Q1-2026-00027-EV-01,Email Header Reference,,REF-272318,OT-Historian-Watch
CSE-CHARLIE-ALT-Q1-2026-00089,CSE-CHARLIE-AST-0063,AVAILABLE,CSE-CHARLIE-CASE-Q1-2026-00027,2026-01-11T08:53:28Z,CSE-CHARLIE-CASE-Q1-2026-00027-EV-02,Email Header Reference,,REF-189695,OT-Historian-Watch
CSE-CHARLIE-ALT-Q1-2026-00089,CSE-CHARLIE-AST-0063,UNAVAILABLE,CSE-CHARLIE-CASE-Q1-2026-00027,2026-01-11T08:01:28Z,CSE-CHARLIE-CASE-Q1-2026-00027-EV-03,Packet Metadata Reference,,REF-971985,SIEM-Core
CSE-CHARLIE-ALT-Q1-2026-00092,CSE-CHARLIE-AST-0005,AVAILABLE,CSE-CHARLIE-CASE-Q1-2026-00028,2026-01-24T12:24:29Z,CSE-CHARLIE-CASE-Q1-2026-00028-EV-01,EDR Detection Record,SHA256:1129c1e7001173e0,REF-887792,NIDS-Perimeter
CSE-CHARLIE-ALT-Q1-2026-00092,CSE-CHARLIE-AST-0005,AVAILABLE,CSE-CHARLIE-CASE-Q1-2026-00028,2026-01-24T12:04:29Z,CSE-CHARLIE-CASE-Q1-2026-00028-EV-02,Packet Metadata Reference,,REF-843435,Firewall-Log
CSE-CHARLIE-ALT-Q1-2026-00092,CSE-CHARLIE-AST-0005,AVAILABLE,CSE-CHARLIE-CASE-Q1-2026-00028,2026-01-24T15:28:29Z,CSE-CHARLIE-CASE-Q1-2026-00028-EV-03,Email Header Reference,SHA256:a04a9dc880e0c10e,REF-745273,IAM-Monitor
CSE-CHARLIE-ALT-Q1-2026-00095,CSE-CHARLIE-AST-0023,UNAVAILABLE,CSE-CHARLIE-CASE-Q1-2026-00029,2026-02-05T01:30:33Z,CSE-CHARLIE-CASE-Q1-2026-00029-EV-01,Email Header Reference,SHA256:886123f76942ec5d,REF-363688,IAM-Monitor
CSE-CHARLIE-ALT-Q1-2026-00095,CSE-CHARLIE-AST-0023,AVAILABLE,CSE-CHARLIE-CASE-Q1-2026-00029,2026-02-05T08:16:33Z,CSE-CHARLIE-CASE-Q1-2026-00029-EV-02,Log Extract Reference,,REF-606391,EDR-Sentinel
CSE-CHARLIE-ALT-Q1-2026-00095,CSE-CHARLIE-AST-0023,AVAILABLE,CSE-CHARLIE-CASE-Q1-2026-00029,2026-02-05T04:39:33Z,CSE-CHARLIE-CASE-Q1-2026-00029-EV-03,Alert Raw Record,,REF-750190,EDR-Sentinel
CSE-CHARLIE-ALT-Q1-2026-00095,CSE-CHARLIE-AST-0023,AVAILABLE,CSE-CHARLIE-CASE-Q1-2026-00029,2026-02-05T10:05:33Z,CSE-CHARLIE-CASE-Q1-2026-00029-EV-04,Packet Metadata Reference,SHA256:e2d45a69db062001,REF-278536,NIDS-Perimeter
CSE-CHARLIE-ALT-Q1-2026-00096,CSE-CHARLIE-AST-0058,AVAILABLE,CSE-CHARLIE-CASE-Q1-2026-00030,2026-03-01T06:52:25Z,CSE-CHARLIE-CASE-Q1-2026-00030-EV-01,Log Extract Reference,SHA256:5ce8e4e68cb4b92e,REF-218731,NIDS-Perimeter
CSE-CHARLIE-ALT-Q1-2026-00096,CSE-CHARLIE-AST-0058,AVAILABLE,CSE-CHARLIE-CASE-Q1-2026-00030,2026-03-01T07:12:25Z,CSE-CHARLIE-CASE-Q1-2026-00030-EV-02,Email Header Reference,SHA256:adcfcc046a76acbc,REF-130711,Firewall-Log
CSE-CHARLIE-ALT-Q1-2026-00096,CSE-CHARLIE-AST-0058,REDACTED,CSE-CHARLIE-CASE-Q1-2026-00030,2026-03-01T12:29:25Z,CSE-CHARLIE-CASE-Q1-2026-00030-EV-03,EDR Detection Record,,REF-576038,OT-Historian-Watch
CSE-CHARLIE-ALT-Q1-2026-00097,CSE-CHARLIE-AST-0028,REDACTED,CSE-CHARLIE-CASE-Q1-2026-00031,2026-03-14T10:01:14Z,CSE-CHARLIE-CASE-Q1-2026-00031-EV-01,Packet Metadata Reference,SHA256:f88bf7065c1cd850,REF-622354,IAM-Monitor
CSE-CHARLIE-ALT-Q1-2026-00097,CSE-CHARLIE-AST-0028,AVAILABLE,CSE-CHARLIE-CASE-Q1-2026-00031,2026-03-14T14:11:14Z,CSE-CHARLIE-CASE-Q1-2026-00031-EV-02,Ticket Record,SHA256:ae44ecfbac8e4d35,REF-683269,SIEM-Core
CSE-CHARLIE-ALT-Q1-2026-00097,CSE-CHARLIE-AST-0028,AVAILABLE,CSE-CHARLIE-CASE-Q1-2026-00031,2026-03-14T13:56:14Z,CSE-CHARLIE-CASE-Q1-2026-00031-EV-03,Ticket Record,SHA256:a86e88663e59ab76,REF-217906,OT-Historian-Watch
CSE-CHARLIE-ALT-Q1-2026-00097,CSE-CHARLIE-AST-0028,AVAILABLE,CSE-CHARLIE-CASE-Q1-2026-00031,2026-03-14T09:29:14Z,CSE-CHARLIE-CASE-Q1-2026-00031-EV-04,Alert Raw Record,,REF-886765,SIEM-Core
CSE-CHARLIE-ALT-Q1-2026-00102,CSE-CHARLIE-AST-0001,UNAVAILABLE,CSE-CHARLIE-CASE-Q1-2026-00032,2026-01-18T18:33:29Z,CSE-CHARLIE-CASE-Q1-2026-00032-EV-01,Packet Metadata Reference,SHA256:5ae38e7b991b285e,REF-221949,Cloud-Sec-Posture
CSE-CHARLIE-ALT-Q1-2026-00102,CSE-CHARLIE-AST-0001,AVAILABLE,CSE-CHARLIE-CASE-Q1-2026-00032,2026-01-18T20:11:29Z,CSE-CHARLIE-CASE-Q1-2026-00032-EV-02,Config Snapshot Reference,SHA256:be80752df8c470ea,REF-151021,OT-Historian-Watch
CSE-CHARLIE-ALT-Q1-2026-00102,CSE-CHARLIE-AST-0001,AVAILABLE,CSE-CHARLIE-CASE-Q1-2026-00032,2026-01-18T20:46:29Z,CSE-CHARLIE-CASE-Q1-2026-00032-EV-03,Access Log Reference,SHA256:c65b99fa340a0655,REF-988549,OT-Historian-Watch
CSE-CHARLIE-ALT-Q1-2026-00111,CSE-CHARLIE-AST-0065,AVAILABLE,CSE-CHARLIE-CASE-Q1-2026-00033,2026-03-06T22:03:06Z,CSE-CHARLIE-CASE-Q1-2026-00033-EV-01,EDR Detection Record,,REF-711559,IAM-Monitor
CSE-CHARLIE-ALT-Q1-2026-00111,CSE-CHARLIE-AST-0065,AVAILABLE,CSE-CHARLIE-CASE-Q1-2026-00033,2026-03-06T20:35:06Z,CSE-CHARLIE-CASE-Q1-2026-00033-EV-02,Alert Raw Record,,REF-946937,OT-Historian-Watch
CSE-CHARLIE-ALT-Q1-2026-00112,CSE-CHARLIE-AST-0015,AVAILABLE,CSE-CHARLIE-CASE-Q1-2026-00034,2026-03-28T07:31:27Z,CSE-CHARLIE-CASE-Q1-2026-00034-EV-01,Config Snapshot Reference,SHA256:57d600f31a3db19b,REF-236133,SIEM-Core
CSE-CHARLIE-ALT-Q1-2026-00113,CSE-CHARLIE-AST-0040,AVAILABLE,CSE-CHARLIE-CASE-Q1-2026-00035,2026-02-03T08:07:57Z,CSE-CHARLIE-CASE-Q1-2026-00035-EV-01,Ticket Record,SHA256:2d24efc0fd99ad51,REF-277635,IAM-Monitor
CSE-CHARLIE-ALT-Q1-2026-00115,CSE-CHARLIE-AST-0043,AVAILABLE,CSE-CHARLIE-CASE-Q1-2026-00036,2026-03-12T05:46:12Z,CSE-CHARLIE-CASE-Q1-2026-00036-EV-01,Ticket Record,,REF-485123,SIEM-Core
CSE-CHARLIE-ALT-Q1-2026-00115,CSE-CHARLIE-AST-0043,AVAILABLE,CSE-CHARLIE-CASE-Q1-2026-00036,2026-03-12T05:50:12Z,CSE-CHARLIE-CASE-Q1-2026-00036-EV-02,Ticket Record,,REF-952637,OT-Historian-Watch
CSE-CHARLIE-ALT-Q1-2026-00119,CSE-CHARLIE-AST-0002,REDACTED,CSE-CHARLIE-CASE-Q1-2026-00037,2026-01-24T20:55:11Z,CSE-CHARLIE-CASE-Q1-2026-00037-EV-01,Packet Metadata Reference,,REF-247835,EDR-Sentinel
CSE-CHARLIE-ALT-Q1-2026-00119,CSE-CHARLIE-AST-0002,AVAILABLE,CSE-CHARLIE-CASE-Q1-2026-00037,2026-01-24T17:04:11Z,CSE-CHARLIE-CASE-Q1-2026-00037-EV-02,EDR Detection Record,SHA256:3d16b35c40e5ddef,REF-884565,Cloud-Sec-Posture
CSE-CHARLIE-ALT-Q1-2026-00119,CSE-CHARLIE-AST-0002,REDACTED,CSE-CHARLIE-CASE-Q1-2026-00037,2026-01-24T21:26:11Z,CSE-CHARLIE-CASE-Q1-2026-00037-EV-03,EDR Detection Record,SHA256:475248a9ab296bc4,REF-698800,OT-Historian-Watch
CSE-CHARLIE-ALT-Q1-2026-00121,CSE-CHARLIE-AST-0061,REDACTED,CSE-CHARLIE-CASE-Q1-2026-00038,2026-02-12T22:58:36Z,CSE-CHARLIE-CASE-Q1-2026-00038-EV-01,Email Header Reference,SHA256:3c1c68e24fd83d53,REF-992441,NIDS-Perimeter
CSE-CHARLIE-ALT-Q1-2026-00121,CSE-CHARLIE-AST-0061,AVAILABLE,CSE-CHARLIE-CASE-Q1-2026-00038,2026-02-13T03:41:36Z,CSE-CHARLIE-CASE-Q1-2026-00038-EV-02,Access Log Reference,,REF-122131,Cloud-Sec-Posture
CSE-CHARLIE-ALT-Q1-2026-00121,CSE-CHARLIE-AST-0061,AVAILABLE,CSE-CHARLIE-CASE-Q1-2026-00038,2026-02-12T19:51:36Z,CSE-CHARLIE-CASE-Q1-2026-00038-EV-03,Log Extract Reference,,REF-448432,OT-Historian-Watch
CSE-CHARLIE-ALT-Q1-2026-00123,CSE-CHARLIE-AST-0063,AVAILABLE,CSE-CHARLIE-CASE-Q1-2026-00039,2026-03-07T17:15:23Z,CSE-CHARLIE-CASE-Q1-2026-00039-EV-01,Email Header Reference,SHA256:52079a4f345c10a8,REF-818132,IAM-Monitor
CSE-CHARLIE-ALT-Q1-2026-00123,CSE-CHARLIE-AST-0063,AVAILABLE,CSE-CHARLIE-CASE-Q1-2026-00039,2026-03-07T22:50:23Z,CSE-CHARLIE-CASE-Q1-2026-00039-EV-02,Log Extract Reference,SHA256:e754b1aeccc77ed0,REF-942268,Cloud-Sec-Posture
CSE-CHARLIE-ALT-Q1-2026-00123,CSE-CHARLIE-AST-0063,AVAILABLE,CSE-CHARLIE-CASE-Q1-2026-00039,2026-03-08T01:35:23Z,CSE-CHARLIE-CASE-Q1-2026-00039-EV-03,Ticket Record,,REF-765352,EDR-Sentinel
CSE-CHARLIE-ALT-Q1-2026-00123,CSE-CHARLIE-AST-0063,UNAVAILABLE,CSE-CHARLIE-CASE-Q1-2026-00039,2026-03-07T20:25:23Z,CSE-CHARLIE-CASE-Q1-2026-00039-EV-04,EDR Detection Record,SHA256:c3efde221a5b0607,REF-367577,NIDS-Perimeter
CSE-CHARLIE-ALT-Q1-2026-00128,CSE-CHARLIE-AST-0026,AVAILABLE,CSE-CHARLIE-CASE-Q1-2026-00040,2026-01-19T08:52:11Z,CSE-CHARLIE-CASE-Q1-2026-00040-EV-01,Config Snapshot Reference,SHA256:9f80491f74adf53b,REF-266950,Firewall-Log
CSE-CHARLIE-ALT-Q1-2026-00128,CSE-CHARLIE-AST-0026,AVAILABLE,CSE-CHARLIE-CASE-Q1-2026-00040,2026-01-19T06:38:11Z,CSE-CHARLIE-CASE-Q1-2026-00040-EV-02,EDR Detection Record,SHA256:7e70ba1353e1a772,REF-203136,SIEM-Core
CSE-CHARLIE-ALT-Q1-2026-00128,CSE-CHARLIE-AST-0026,AVAILABLE,CSE-CHARLIE-CASE-Q1-2026-00040,2026-01-19T08:57:11Z,CSE-CHARLIE-CASE-Q1-2026-00040-EV-03,Email Header Reference,SHA256:3c7f51f00aab2081,REF-244246,EDR-Sentinel
CSE-CHARLIE-ALT-Q1-2026-00129,CSE-CHARLIE-AST-0052,AVAILABLE,CSE-CHARLIE-CASE-Q1-2026-00041,2026-01-14T19:04:03Z,CSE-CHARLIE-CASE-Q1-2026-00041-EV-01,Alert Raw Record,SHA256:b09784191fbe429e,REF-834674,Cloud-Sec-Posture
CSE-CHARLIE-ALT-Q1-2026-00131,CSE-CHARLIE-AST-0017,AVAILABLE,CSE-CHARLIE-CASE-Q1-2026-00042,2026-01-23T03:13:14Z,CSE-CHARLIE-CASE-Q1-2026-00042-EV-01,Alert Raw Record,,REF-959967,IAM-Monitor
CSE-CHARLIE-ALT-Q1-2026-00131,CSE-CHARLIE-AST-0017,AVAILABLE,CSE-CHARLIE-CASE-Q1-2026-00042,2026-01-23T00:06:14Z,CSE-CHARLIE-CASE-Q1-2026-00042-EV-02,Log Extract Reference,SHA256:a91fd22eafa206f1,REF-634126,SIEM-Core
CSE-CHARLIE-ALT-Q1-2026-00132,CSE-CHARLIE-AST-0039,AVAILABLE,CSE-CHARLIE-CASE-Q1-2026-00043,2026-03-18T21:05:03Z,CSE-CHARLIE-CASE-Q1-2026-00043-EV-01,Access Log Reference,SHA256:7c9d9c5c504800a3,REF-394892,OT-Historian-Watch
CSE-CHARLIE-ALT-Q1-2026-00132,CSE-CHARLIE-AST-0039,AVAILABLE,CSE-CHARLIE-CASE-Q1-2026-00043,2026-03-18T18:27:03Z,CSE-CHARLIE-CASE-Q1-2026-00043-EV-02,Alert Raw Record,SHA256:63fcb99471bb638c,REF-738047,EDR-Sentinel
CSE-CHARLIE-ALT-Q1-2026-00134,CSE-CHARLIE-AST-0015,AVAILABLE,CSE-CHARLIE-CASE-Q1-2026-00044,2026-03-15T20:48:50Z,CSE-CHARLIE-CASE-Q1-2026-00044-EV-01,Access Log Reference,SHA256:169e507eea746446,REF-182489,IAM-Monitor
CSE-CHARLIE-ALT-Q1-2026-00135,CSE-CHARLIE-AST-0040,AVAILABLE,CSE-CHARLIE-CASE-Q1-2026-00045,2026-03-07T12:16:39Z,CSE-CHARLIE-CASE-Q1-2026-00045-EV-01,Email Header Reference,SHA256:75c62fad1202aecb,REF-113588,SIEM-Core
CSE-CHARLIE-ALT-Q1-2026-00135,CSE-CHARLIE-AST-0040,AVAILABLE,CSE-CHARLIE-CASE-Q1-2026-00045,2026-03-07T07:12:39Z,CSE-CHARLIE-CASE-Q1-2026-00045-EV-02,Log Extract Reference,SHA256:8fa9691d0aa94e3b,REF-815839,SIEM-Core
CSE-CHARLIE-ALT-Q1-2026-00135,CSE-CHARLIE-AST-0040,AVAILABLE,CSE-CHARLIE-CASE-Q1-2026-00045,2026-03-07T07:01:39Z,CSE-CHARLIE-CASE-Q1-2026-00045-EV-03,Log Extract Reference,SHA256:1250628a4fafaf64,REF-600540,EDR-Sentinel
CSE-CHARLIE-ALT-Q1-2026-00135,CSE-CHARLIE-AST-0040,AVAILABLE,CSE-CHARLIE-CASE-Q1-2026-00045,2026-03-07T09:33:39Z,CSE-CHARLIE-CASE-Q1-2026-00045-EV-04,Email Header Reference,SHA256:d61045a259c85a3e,REF-868418,IAM-Monitor
CSE-CHARLIE-ALT-Q1-2026-00139,CSE-CHARLIE-AST-0013,AVAILABLE,CSE-CHARLIE-CASE-Q1-2026-00046,2026-02-12T01:58:01Z,CSE-CHARLIE-CASE-Q1-2026-00046-EV-01,Email Header Reference,SHA256:7de4008a18f76c92,REF-967919,IAM-Monitor
CSE-CHARLIE-ALT-Q1-2026-00143,CSE-CHARLIE-AST-0009,REDACTED,CSE-CHARLIE-CASE-Q1-2026-00047,2026-03-12T16:33:47Z,CSE-CHARLIE-CASE-Q1-2026-00047-EV-01,EDR Detection Record,,REF-560523,SIEM-Core
CSE-CHARLIE-ALT-Q1-2026-00143,CSE-CHARLIE-AST-0009,AVAILABLE,CSE-CHARLIE-CASE-Q1-2026-00047,2026-03-12T09:56:47Z,CSE-CHARLIE-CASE-Q1-2026-00047-EV-02,EDR Detection Record,SHA256:5413824e5a9ab9b4,REF-346756,SIEM-Core
CSE-CHARLIE-ALT-Q1-2026-00144,CSE-CHARLIE-AST-0002,AVAILABLE,CSE-CHARLIE-CASE-Q1-2026-00048,2026-02-10T14:12:06Z,CSE-CHARLIE-CASE-Q1-2026-00048-EV-01,Access Log Reference,,REF-136999,IAM-Monitor
CSE-CHARLIE-ALT-Q1-2026-00144,CSE-CHARLIE-AST-0002,AVAILABLE,CSE-CHARLIE-CASE-Q1-2026-00048,2026-02-10T11:57:06Z,CSE-CHARLIE-CASE-Q1-2026-00048-EV-02,Email Header Reference,SHA256:3e5148b52fa78b3c,REF-199904,IAM-Monitor
CSE-CHARLIE-ALT-Q1-2026-00148,CSE-CHARLIE-AST-0032,REDACTED,CSE-CHARLIE-CASE-Q1-2026-00050,2026-02-27T14:39:38Z,CSE-CHARLIE-CASE-Q1-2026-00050-EV-01,EDR Detection Record,SHA256:22601d9c4da510cd,REF-464882,NIDS-Perimeter
CSE-CHARLIE-ALT-Q1-2026-00148,CSE-CHARLIE-AST-0032,AVAILABLE,CSE-CHARLIE-CASE-Q1-2026-00050,2026-02-27T14:01:38Z,CSE-CHARLIE-CASE-Q1-2026-00050-EV-02,Email Header Reference,SHA256:314bdfac60e3a256,REF-162736,Firewall-Log
CSE-CHARLIE-ALT-Q1-2026-00148,CSE-CHARLIE-AST-0032,AVAILABLE,CSE-CHARLIE-CASE-Q1-2026-00050,2026-02-27T11:26:38Z,CSE-CHARLIE-CASE-Q1-2026-00050-EV-03,Packet Metadata Reference,SHA256:4a54baa2e695298e,REF-683055,SIEM-Core
CSE-CHARLIE-ALT-Q1-2026-00155,CSE-CHARLIE-AST-0025,AVAILABLE,CSE-CHARLIE-CASE-Q1-2026-00052,2026-02-10T00:58:31Z,CSE-CHARLIE-CASE-Q1-2026-00052-EV-01,Ticket Record,,REF-599810,EDR-Sentinel
CSE-CHARLIE-ALT-Q1-2026-00155,CSE-CHARLIE-AST-0025,AVAILABLE,CSE-CHARLIE-CASE-Q1-2026-00052,2026-02-10T07:25:31Z,CSE-CHARLIE-CASE-Q1-2026-00052-EV-02,Ticket Record,SHA256:82b3b852d7cb8f6a,REF-897888,IAM-Monitor
CSE-CHARLIE-ALT-Q1-2026-00156,CSE-CHARLIE-AST-0006,AVAILABLE,CSE-CHARLIE-CASE-Q1-2026-00053,2026-04-01T01:10:59Z,CSE-CHARLIE-CASE-Q1-2026-00053-EV-01,Config Snapshot Reference,SHA256:85b4a8e778477aa0,REF-841839,SIEM-Core
CSE-CHARLIE-ALT-Q1-2026-00156,CSE-CHARLIE-AST-0006,AVAILABLE,CSE-CHARLIE-CASE-Q1-2026-00053,2026-03-31T23:04:59Z,CSE-CHARLIE-CASE-Q1-2026-00053-EV-02,Alert Raw Record,SHA256:c9af7116a9f752a9,REF-441018,OT-Historian-Watch
CSE-CHARLIE-ALT-Q1-2026-00156,CSE-CHARLIE-AST-0006,AVAILABLE,CSE-CHARLIE-CASE-Q1-2026-00053,2026-04-01T02:16:59Z,CSE-CHARLIE-CASE-Q1-2026-00053-EV-03,Alert Raw Record,SHA256:7b80fad0b0223e8e,REF-577580,SIEM-Core
CSE-CHARLIE-ALT-Q1-2026-00158,CSE-CHARLIE-AST-0066,AVAILABLE,CSE-CHARLIE-CASE-Q1-2026-00054,2026-03-11T22:51:08Z,CSE-CHARLIE-CASE-Q1-2026-00054-EV-01,Alert Raw Record,SHA256:5d1ae07b3660bdea,REF-216196,IAM-Monitor
CSE-CHARLIE-ALT-Q1-2026-00158,CSE-CHARLIE-AST-0066,AVAILABLE,CSE-CHARLIE-CASE-Q1-2026-00054,2026-03-11T23:41:08Z,CSE-CHARLIE-CASE-Q1-2026-00054-EV-02,Packet Metadata Reference,SHA256:219e30695614f468,REF-965246,EDR-Sentinel
CSE-CHARLIE-ALT-Q1-2026-00158,CSE-CHARLIE-AST-0066,AVAILABLE,CSE-CHARLIE-CASE-Q1-2026-00054,2026-03-11T20:38:08Z,CSE-CHARLIE-CASE-Q1-2026-00054-EV-03,Alert Raw Record,,REF-754134,NIDS-Perimeter
CSE-CHARLIE-ALT-Q1-2026-00159,CSE-CHARLIE-AST-0023,AVAILABLE,CSE-CHARLIE-CASE-Q1-2026-00055,2026-03-21T07:11:51Z,CSE-CHARLIE-CASE-Q1-2026-00055-EV-01,Config Snapshot Reference,,REF-987186,OT-Historian-Watch
CSE-CHARLIE-ALT-Q1-2026-00159,CSE-CHARLIE-AST-0023,AVAILABLE,CSE-CHARLIE-CASE-Q1-2026-00055,2026-03-21T12:03:51Z,CSE-CHARLIE-CASE-Q1-2026-00055-EV-02,Alert Raw Record,SHA256:7bc75c7824189bea,REF-656896,OT-Historian-Watch
CSE-CHARLIE-ALT-Q1-2026-00159,CSE-CHARLIE-AST-0023,AVAILABLE,CSE-CHARLIE-CASE-Q1-2026-00055,2026-03-21T09:17:51Z,CSE-CHARLIE-CASE-Q1-2026-00055-EV-03,Log Extract Reference,SHA256:008baf7ca62c7f45,REF-365513,SIEM-Core
CSE-CHARLIE-ALT-Q1-2026-00161,CSE-CHARLIE-AST-0039,AVAILABLE,CSE-CHARLIE-CASE-Q1-2026-00056,2026-02-04T10:55:57Z,CSE-CHARLIE-CASE-Q1-2026-00056-EV-01,EDR Detection Record,SHA256:9c95aebd6fde226c,REF-905482,Cloud-Sec-Posture
CSE-CHARLIE-ALT-Q1-2026-00161,CSE-CHARLIE-AST-0039,AVAILABLE,CSE-CHARLIE-CASE-Q1-2026-00056,2026-02-04T07:41:57Z,CSE-CHARLIE-CASE-Q1-2026-00056-EV-02,Ticket Record,SHA256:e142f40b45e7c7d4,REF-950879,Firewall-Log
CSE-CHARLIE-ALT-Q1-2026-00161,CSE-CHARLIE-AST-0039,AVAILABLE,CSE-CHARLIE-CASE-Q1-2026-00056,2026-02-04T10:10:57Z,CSE-CHARLIE-CASE-Q1-2026-00056-EV-03,Packet Metadata Reference,SHA256:0e02b845a070ddee,REF-490821,EDR-Sentinel
CSE-CHARLIE-ALT-Q1-2026-00162,CSE-CHARLIE-AST-0037,UNAVAILABLE,CSE-CHARLIE-CASE-Q1-2026-00057,2026-01-16T00:39:59Z,CSE-CHARLIE-CASE-Q1-2026-00057-EV-01,Log Extract Reference,,REF-256282,IAM-Monitor
CSE-CHARLIE-ALT-Q1-2026-00162,CSE-CHARLIE-AST-0037,AVAILABLE,CSE-CHARLIE-CASE-Q1-2026-00057,2026-01-16T05:40:59Z,CSE-CHARLIE-CASE-Q1-2026-00057-EV-02,Email Header Reference,SHA256:39835ca33b5729e3,REF-264888,EDR-Sentinel
CSE-CHARLIE-ALT-Q1-2026-00162,CSE-CHARLIE-AST-0037,AVAILABLE,CSE-CHARLIE-CASE-Q1-2026-00057,2026-01-16T09:10:59Z,CSE-CHARLIE-CASE-Q1-2026-00057-EV-03,Alert Raw Record,SHA256:143d6ac5950dd450,REF-884540,EDR-Sentinel
CSE-CHARLIE-ALT-Q1-2026-00162,CSE-CHARLIE-AST-0037,AVAILABLE,CSE-CHARLIE-CASE-Q1-2026-00057,2026-01-16T00:52:59Z,CSE-CHARLIE-CASE-Q1-2026-00057-EV-04,Email Header Reference,SHA256:948eba34e2301c25,REF-923765,SIEM-Core
CSE-CHARLIE-ALT-Q1-2026-00164,CSE-CHARLIE-AST-0037,AVAILABLE,CSE-CHARLIE-CASE-Q1-2026-00058,2026-01-04T19:11:23Z,CSE-CHARLIE-CASE-Q1-2026-00058-EV-01,Config Snapshot Reference,SHA256:1da1f4e7a48b415b,REF-771557,EDR-Sentinel
CSE-CHARLIE-ALT-Q1-2026-00164,CSE-CHARLIE-AST-0037,AVAILABLE,CSE-CHARLIE-CASE-Q1-2026-00058,2026-01-04T15:03:23Z,CSE-CHARLIE-CASE-Q1-2026-00058-EV-02,Packet Metadata Reference,SHA256:7cfbe26a347f3189,REF-287601,NIDS-Perimeter
CSE-CHARLIE-ALT-Q1-2026-00166,CSE-CHARLIE-AST-0055,AVAILABLE,CSE-CHARLIE-CASE-Q1-2026-00059,2026-01-19T13:02:54Z,CSE-CHARLIE-CASE-Q1-2026-00059-EV-01,Access Log Reference,SHA256:afb12c3d474b90cb,REF-224806,OT-Historian-Watch
CSE-CHARLIE-ALT-Q1-2026-00166,CSE-CHARLIE-AST-0055,AVAILABLE,CSE-CHARLIE-CASE-Q1-2026-00059,2026-01-19T21:12:54Z,CSE-CHARLIE-CASE-Q1-2026-00059-EV-02,Email Header Reference,SHA256:a92c7fbcc88cb99d,REF-966655,SIEM-Core
CSE-CHARLIE-ALT-Q1-2026-00166,CSE-CHARLIE-AST-0055,UNAVAILABLE,CSE-CHARLIE-CASE-Q1-2026-00059,2026-01-19T18:06:54Z,CSE-CHARLIE-CASE-Q1-2026-00059-EV-03,Config Snapshot Reference,,REF-900060,NIDS-Perimeter
CSE-CHARLIE-ALT-Q1-2026-00166,CSE-CHARLIE-AST-0055,AVAILABLE,CSE-CHARLIE-CASE-Q1-2026-00059,2026-01-19T19:07:54Z,CSE-CHARLIE-CASE-Q1-2026-00059-EV-04,Email Header Reference,SHA256:cc087f0f1d56c966,REF-353701,IAM-Monitor
CSE-CHARLIE-ALT-Q1-2026-00167,CSE-CHARLIE-AST-0060,AVAILABLE,CSE-CHARLIE-CASE-Q1-2026-00060,2026-01-27T19:47:55Z,CSE-CHARLIE-CASE-Q1-2026-00060-EV-01,Packet Metadata Reference,SHA256:27d8f6682b8c15f1,REF-179094,OT-Historian-Watch
CSE-CHARLIE-ALT-Q1-2026-00169,CSE-CHARLIE-AST-0005,REDACTED,CSE-CHARLIE-CASE-Q1-2026-00061,2026-02-09T00:15:56Z,CSE-CHARLIE-CASE-Q1-2026-00061-EV-01,Config Snapshot Reference,SHA256:828cb632ecae0f85,REF-551169,SIEM-Core
CSE-CHARLIE-ALT-Q1-2026-00172,CSE-CHARLIE-AST-0042,AVAILABLE,CSE-CHARLIE-CASE-Q1-2026-00062,2026-01-19T09:00:43Z,CSE-CHARLIE-CASE-Q1-2026-00062-EV-01,Packet Metadata Reference,SHA256:7410017e895b961d,REF-962477,NIDS-Perimeter
CSE-CHARLIE-ALT-Q1-2026-00172,CSE-CHARLIE-AST-0042,AVAILABLE,CSE-CHARLIE-CASE-Q1-2026-00062,2026-01-19T02:21:43Z,CSE-CHARLIE-CASE-Q1-2026-00062-EV-02,EDR Detection Record,SHA256:56a09959c43af5f9,REF-296853,NIDS-Perimeter
CSE-CHARLIE-ALT-Q1-2026-00174,CSE-CHARLIE-AST-0048,AVAILABLE,CSE-CHARLIE-CASE-Q1-2026-00063,2026-03-14T09:53:58Z,CSE-CHARLIE-CASE-Q1-2026-00063-EV-01,Packet Metadata Reference,SHA256:787c80984bb16b5e,REF-692482,NIDS-Perimeter
CSE-CHARLIE-ALT-Q1-2026-00177,CSE-CHARLIE-AST-0059,UNAVAILABLE,CSE-CHARLIE-CASE-Q1-2026-00064,2026-03-10T16:27:10Z,CSE-CHARLIE-CASE-Q1-2026-00064-EV-01,Config Snapshot Reference,SHA256:ab5da2bbb9bd50a3,REF-973430,Cloud-Sec-Posture
CSE-CHARLIE-ALT-Q1-2026-00177,CSE-CHARLIE-AST-0059,AVAILABLE,CSE-CHARLIE-CASE-Q1-2026-00064,2026-03-10T13:37:10Z,CSE-CHARLIE-CASE-Q1-2026-00064-EV-02,Alert Raw Record,SHA256:8a40d97bb13c7339,REF-137510,OT-Historian-Watch
CSE-CHARLIE-ALT-Q1-2026-00177,CSE-CHARLIE-AST-0059,AVAILABLE,CSE-CHARLIE-CASE-Q1-2026-00064,2026-03-10T13:39:10Z,CSE-CHARLIE-CASE-Q1-2026-00064-EV-03,Config Snapshot Reference,,REF-485712,IAM-Monitor
CSE-CHARLIE-ALT-Q1-2026-00185,CSE-CHARLIE-AST-0042,AVAILABLE,CSE-CHARLIE-CASE-Q1-2026-00065,2026-02-04T10:31:03Z,CSE-CHARLIE-CASE-Q1-2026-00065-EV-01,Access Log Reference,SHA256:c93f9a379930c2ec,REF-502928,EDR-Sentinel
CSE-CHARLIE-ALT-Q1-2026-00185,CSE-CHARLIE-AST-0042,AVAILABLE,CSE-CHARLIE-CASE-Q1-2026-00065,2026-02-04T09:00:03Z,CSE-CHARLIE-CASE-Q1-2026-00065-EV-02,Config Snapshot Reference,,REF-593736,NIDS-Perimeter
CSE-CHARLIE-ALT-Q1-2026-00187,CSE-CHARLIE-AST-0013,AVAILABLE,CSE-CHARLIE-CASE-Q1-2026-00066,2026-02-02T18:11:57Z,CSE-CHARLIE-CASE-Q1-2026-00066-EV-01,Ticket Record,SHA256:f92536eea3a2ddaa,REF-918532,NIDS-Perimeter
CSE-CHARLIE-ALT-Q1-2026-00187,CSE-CHARLIE-AST-0013,AVAILABLE,CSE-CHARLIE-CASE-Q1-2026-00066,2026-02-02T16:17:57Z,CSE-CHARLIE-CASE-Q1-2026-00066-EV-02,Email Header Reference,SHA256:eb4061b319fd10dd,REF-501156,IAM-Monitor
CSE-CHARLIE-ALT-Q1-2026-00187,CSE-CHARLIE-AST-0013,AVAILABLE,CSE-CHARLIE-CASE-Q1-2026-00066,2026-02-02T16:16:57Z,CSE-CHARLIE-CASE-Q1-2026-00066-EV-03,Log Extract Reference,SHA256:470ffbec252fef76,REF-841279,Cloud-Sec-Posture
CSE-CHARLIE-ALT-Q1-2026-00189,CSE-CHARLIE-AST-0015,REDACTED,CSE-CHARLIE-CASE-Q1-2026-00067,2026-01-23T22:53:39Z,CSE-CHARLIE-CASE-Q1-2026-00067-EV-01,Packet Metadata Reference,SHA256:f995d49ae96f6e41,REF-957619,OT-Historian-Watch
CSE-CHARLIE-ALT-Q1-2026-00189,CSE-CHARLIE-AST-0015,UNAVAILABLE,CSE-CHARLIE-CASE-Q1-2026-00067,2026-01-23T23:44:39Z,CSE-CHARLIE-CASE-Q1-2026-00067-EV-02,Ticket Record,SHA256:1f796a013c235fd9,REF-767901,Firewall-Log
CSE-CHARLIE-ALT-Q1-2026-00190,CSE-CHARLIE-AST-0020,AVAILABLE,CSE-CHARLIE-CASE-Q1-2026-00068,2026-01-05T08:13:14Z,CSE-CHARLIE-CASE-Q1-2026-00068-EV-01,Access Log Reference,SHA256:747013ab4ec7530a,REF-361470,Cloud-Sec-Posture
CSE-CHARLIE-ALT-Q1-2026-00190,CSE-CHARLIE-AST-0020,AVAILABLE,CSE-CHARLIE-CASE-Q1-2026-00068,2026-01-05T02:31:14Z,CSE-CHARLIE-CASE-Q1-2026-00068-EV-02,Access Log Reference,,REF-809515,EDR-Sentinel
CSE-CHARLIE-ALT-Q1-2026-00190,CSE-CHARLIE-AST-0020,AVAILABLE,CSE-CHARLIE-CASE-Q1-2026-00068,2026-01-05T05:45:14Z,CSE-CHARLIE-CASE-Q1-2026-00068-EV-03,Ticket Record,SHA256:84f47ca5fbcbb42d,REF-515226,IAM-Monitor
CSE-CHARLIE-ALT-Q1-2026-00193,CSE-CHARLIE-AST-0039,AVAILABLE,CSE-CHARLIE-CASE-Q1-2026-00069,2026-02-26T02:44:52Z,CSE-CHARLIE-CASE-Q1-2026-00069-EV-01,EDR Detection Record,,REF-707467,Firewall-Log
CSE-CHARLIE-ALT-Q1-2026-00194,CSE-CHARLIE-AST-0027,AVAILABLE,CSE-CHARLIE-CASE-Q1-2026-00070,2026-02-15T04:54:20Z,CSE-CHARLIE-CASE-Q1-2026-00070-EV-01,Access Log Reference,,REF-144760,IAM-Monitor
CSE-CHARLIE-ALT-Q1-2026-00194,CSE-CHARLIE-AST-0027,AVAILABLE,CSE-CHARLIE-CASE-Q1-2026-00070,2026-02-15T01:03:20Z,CSE-CHARLIE-CASE-Q1-2026-00070-EV-02,Alert Raw Record,SHA256:4fb946539b911722,REF-342844,OT-Historian-Watch
CSE-CHARLIE-ALT-Q1-2026-00197,CSE-CHARLIE-AST-0043,AVAILABLE,CSE-CHARLIE-CASE-Q1-2026-00071,2026-01-10T08:14:16Z,CSE-CHARLIE-CASE-Q1-2026-00071-EV-01,Access Log Reference,,REF-375143,NIDS-Perimeter
CSE-CHARLIE-ALT-Q1-2026-00197,CSE-CHARLIE-AST-0043,AVAILABLE,CSE-CHARLIE-CASE-Q1-2026-00071,2026-01-10T11:26:16Z,CSE-CHARLIE-CASE-Q1-2026-00071-EV-02,Config Snapshot Reference,,REF-338919,NIDS-Perimeter
CSE-CHARLIE-ALT-Q1-2026-00197,CSE-CHARLIE-AST-0043,UNAVAILABLE,CSE-CHARLIE-CASE-Q1-2026-00071,2026-01-10T08:37:16Z,CSE-CHARLIE-CASE-Q1-2026-00071-EV-03,Config Snapshot Reference,,REF-636587,Cloud-Sec-Posture
CSE-CHARLIE-ALT-Q1-2026-00197,CSE-CHARLIE-AST-0043,AVAILABLE,CSE-CHARLIE-CASE-Q1-2026-00071,2026-01-10T05:46:16Z,CSE-CHARLIE-CASE-Q1-2026-00071-EV-04,Access Log Reference,,REF-503193,NIDS-Perimeter
CSE-CHARLIE-ALT-Q1-2026-00198,CSE-CHARLIE-AST-0041,AVAILABLE,CSE-CHARLIE-CASE-Q1-2026-00072,2026-03-15T03:12:17Z,CSE-CHARLIE-CASE-Q1-2026-00072-EV-01,EDR Detection Record,SHA256:761cfbcc51e3580e,REF-518030,IAM-Monitor
CSE-CHARLIE-ALT-Q1-2026-00198,CSE-CHARLIE-AST-0041,AVAILABLE,CSE-CHARLIE-CASE-Q1-2026-00072,2026-03-15T02:37:17Z,CSE-CHARLIE-CASE-Q1-2026-00072-EV-02,Log Extract Reference,SHA256:852fbf64fae5ab4a,REF-117091,Firewall-Log
CSE-CHARLIE-ALT-Q1-2026-00198,CSE-CHARLIE-AST-0041,AVAILABLE,CSE-CHARLIE-CASE-Q1-2026-00072,2026-03-15T04:18:17Z,CSE-CHARLIE-CASE-Q1-2026-00072-EV-03,Log Extract Reference,SHA256:cb1e00d28728c7fe,REF-760178,IAM-Monitor
CSE-CHARLIE-ALT-Q1-2026-00199,CSE-CHARLIE-AST-0017,AVAILABLE,CSE-CHARLIE-CASE-Q1-2026-00073,2026-02-27T22:37:43Z,CSE-CHARLIE-CASE-Q1-2026-00073-EV-01,Access Log Reference,SHA256:0c4915f6fad9f208,REF-224341,Firewall-Log
CSE-CHARLIE-ALT-Q1-2026-00199,CSE-CHARLIE-AST-0017,AVAILABLE,CSE-CHARLIE-CASE-Q1-2026-00073,2026-02-27T21:40:43Z,CSE-CHARLIE-CASE-Q1-2026-00073-EV-02,Alert Raw Record,SHA256:289b13acbb774d58,REF-348000,IAM-Monitor
CSE-CHARLIE-ALT-Q1-2026-00199,CSE-CHARLIE-AST-0017,REDACTED,CSE-CHARLIE-CASE-Q1-2026-00073,2026-02-28T01:56:43Z,CSE-CHARLIE-CASE-Q1-2026-00073-EV-03,Config Snapshot Reference,,REF-376373,SIEM-Core
CSE-CHARLIE-ALT-Q1-2026-00204,CSE-CHARLIE-AST-0021,AVAILABLE,CSE-CHARLIE-CASE-Q1-2026-00074,2026-01-13T06:54:48Z,CSE-CHARLIE-CASE-Q1-2026-00074-EV-01,Config Snapshot Reference,SHA256:812c1f9dd4e49e9e,REF-502691,Firewall-Log
CSE-CHARLIE-ALT-Q1-2026-00204,CSE-CHARLIE-AST-0021,AVAILABLE,CSE-CHARLIE-CASE-Q1-2026-00074,2026-01-13T05:57:48Z,CSE-CHARLIE-CASE-Q1-2026-00074-EV-02,Email Header Reference,,REF-737801,EDR-Sentinel
CSE-CHARLIE-ALT-Q1-2026-00205,CSE-CHARLIE-AST-0056,AVAILABLE,CSE-CHARLIE-CASE-Q1-2026-00075,2026-02-14T21:11:10Z,CSE-CHARLIE-CASE-Q1-2026-00075-EV-01,Alert Raw Record,SHA256:6fa2a6ade9e42136,REF-480726,Firewall-Log
CSE-CHARLIE-ALT-Q1-2026-00205,CSE-CHARLIE-AST-0056,AVAILABLE,CSE-CHARLIE-CASE-Q1-2026-00075,2026-02-14T13:01:10Z,CSE-CHARLIE-CASE-Q1-2026-00075-EV-02,Ticket Record,,REF-235593,Firewall-Log
CSE-CHARLIE-ALT-Q1-2026-00208,CSE-CHARLIE-AST-0027,AVAILABLE,CSE-CHARLIE-CASE-Q1-2026-00076,2026-03-07T10:57:37Z,CSE-CHARLIE-CASE-Q1-2026-00076-EV-01,Log Extract Reference,,REF-866507,SIEM-Core
CSE-CHARLIE-ALT-Q1-2026-00208,CSE-CHARLIE-AST-0027,AVAILABLE,CSE-CHARLIE-CASE-Q1-2026-00076,2026-03-07T13:37:37Z,CSE-CHARLIE-CASE-Q1-2026-00076-EV-02,Log Extract Reference,SHA256:cdd3436a380431e9,REF-643709,SIEM-Core
CSE-CHARLIE-ALT-Q1-2026-00212,CSE-CHARLIE-AST-0008,AVAILABLE,CSE-CHARLIE-CASE-Q1-2026-00077,2026-03-14T06:13:27Z,CSE-CHARLIE-CASE-Q1-2026-00077-EV-01,EDR Detection Record,,REF-308125,IAM-Monitor
CSE-CHARLIE-ALT-Q1-2026-00212,CSE-CHARLIE-AST-0008,AVAILABLE,CSE-CHARLIE-CASE-Q1-2026-00077,2026-03-14T11:58:27Z,CSE-CHARLIE-CASE-Q1-2026-00077-EV-02,Email Header Reference,SHA256:a3d94b380309f88d,REF-381959,OT-Historian-Watch
CSE-CHARLIE-ALT-Q1-2026-00212,CSE-CHARLIE-AST-0008,AVAILABLE,CSE-CHARLIE-CASE-Q1-2026-00077,2026-03-14T10:07:27Z,CSE-CHARLIE-CASE-Q1-2026-00077-EV-03,Packet Metadata Reference,SHA256:7a86dd40b9a7bd3c,REF-939895,OT-Historian-Watch
CSE-CHARLIE-ALT-Q1-2026-00212,CSE-CHARLIE-AST-0008,AVAILABLE,CSE-CHARLIE-CASE-Q1-2026-00077,2026-03-14T11:54:27Z,CSE-CHARLIE-CASE-Q1-2026-00077-EV-04,Config Snapshot Reference,SHA256:451d8cbbc66cd0ab,REF-138657,EDR-Sentinel
CSE-CHARLIE-ALT-Q1-2026-00213,CSE-CHARLIE-AST-0010,AVAILABLE,CSE-CHARLIE-CASE-Q1-2026-00078,2026-02-14T18:40:14Z,CSE-CHARLIE-CASE-Q1-2026-00078-EV-01,Email Header Reference,,REF-293078,NIDS-Perimeter
CSE-CHARLIE-ALT-Q1-2026-00218,CSE-CHARLIE-AST-0021,AVAILABLE,CSE-CHARLIE-CASE-Q1-2026-00079,2026-02-21T14:45:50Z,CSE-CHARLIE-CASE-Q1-2026-00079-EV-01,Log Extract Reference,SHA256:1460a7101c26b9a8,REF-131550,IAM-Monitor
CSE-CHARLIE-ALT-Q1-2026-00218,CSE-CHARLIE-AST-0021,AVAILABLE,CSE-CHARLIE-CASE-Q1-2026-00079,2026-02-21T15:38:50Z,CSE-CHARLIE-CASE-Q1-2026-00079-EV-02,Alert Raw Record,SHA256:42e87bb2ad2217f3,REF-282282,Firewall-Log
CSE-CHARLIE-ALT-Q1-2026-00218,CSE-CHARLIE-AST-0021,REDACTED,CSE-CHARLIE-CASE-Q1-2026-00079,2026-02-21T08:58:50Z,CSE-CHARLIE-CASE-Q1-2026-00079-EV-03,Packet Metadata Reference,,REF-616064,NIDS-Perimeter
CSE-CHARLIE-ALT-Q1-2026-00220,CSE-CHARLIE-AST-0002,AVAILABLE,CSE-CHARLIE-CASE-Q1-2026-00080,2026-02-16T06:42:06Z,CSE-CHARLIE-CASE-Q1-2026-00080-EV-01,Email Header Reference,SHA256:4eb0b21908c67868,REF-157620,Cloud-Sec-Posture
CSE-CHARLIE-ALT-Q1-2026-00223,CSE-CHARLIE-AST-0008,AVAILABLE,CSE-CHARLIE-CASE-Q1-2026-00081,2026-03-08T02:49:32Z,CSE-CHARLIE-CASE-Q1-2026-00081-EV-01,Email Header Reference,,REF-924377,EDR-Sentinel
CSE-CHARLIE-ALT-Q1-2026-00223,CSE-CHARLIE-AST-0008,AVAILABLE,CSE-CHARLIE-CASE-Q1-2026-00081,2026-03-08T00:51:32Z,CSE-CHARLIE-CASE-Q1-2026-00081-EV-02,Alert Raw Record,,REF-549822,EDR-Sentinel
CSE-CHARLIE-ALT-Q1-2026-00223,CSE-CHARLIE-AST-0008,AVAILABLE,CSE-CHARLIE-CASE-Q1-2026-00081,2026-03-08T02:45:32Z,CSE-CHARLIE-CASE-Q1-2026-00081-EV-03,Packet Metadata Reference,SHA256:50a7f5a2588096ed,REF-500119,SIEM-Core
CSE-CHARLIE-ALT-Q1-2026-00224,CSE-CHARLIE-AST-0063,AVAILABLE,CSE-CHARLIE-CASE-Q1-2026-00082,2026-03-06T00:16:22Z,CSE-CHARLIE-CASE-Q1-2026-00082-EV-01,Alert Raw Record,SHA256:ee1f35cf57be55c9,REF-839230,SIEM-Core
CSE-CHARLIE-ALT-Q1-2026-00224,CSE-CHARLIE-AST-0063,AVAILABLE,CSE-CHARLIE-CASE-Q1-2026-00082,2026-03-06T00:33:22Z,CSE-CHARLIE-CASE-Q1-2026-00082-EV-02,Access Log Reference,SHA256:d4a2e9814f49a568,REF-785861,SIEM-Core
CSE-CHARLIE-ALT-Q1-2026-00224,CSE-CHARLIE-AST-0063,AVAILABLE,CSE-CHARLIE-CASE-Q1-2026-00082,2026-03-05T22:49:22Z,CSE-CHARLIE-CASE-Q1-2026-00082-EV-03,Ticket Record,,REF-672620,Cloud-Sec-Posture
CSE-CHARLIE-ALT-Q1-2026-00224,CSE-CHARLIE-AST-0063,AVAILABLE,CSE-CHARLIE-CASE-Q1-2026-00082,2026-03-06T03:02:22Z,CSE-CHARLIE-CASE-Q1-2026-00082-EV-04,Email Header Reference,SHA256:5af8a97381d7826e,REF-888424,IAM-Monitor
CSE-CHARLIE-ALT-Q1-2026-00230,CSE-CHARLIE-AST-0066,AVAILABLE,CSE-CHARLIE-CASE-Q1-2026-00083,2026-03-05T18:20:59Z,CSE-CHARLIE-CASE-Q1-2026-00083-EV-01,Alert Raw Record,SHA256:47fa5759563cf89d,REF-433661,NIDS-Perimeter
CSE-CHARLIE-ALT-Q1-2026-00230,CSE-CHARLIE-AST-0066,AVAILABLE,CSE-CHARLIE-CASE-Q1-2026-00083,2026-03-05T16:55:59Z,CSE-CHARLIE-CASE-Q1-2026-00083-EV-02,Alert Raw Record,SHA256:b33e14958df2494f,REF-456945,OT-Historian-Watch
CSE-CHARLIE-ALT-Q1-2026-00233,CSE-CHARLIE-AST-0022,AVAILABLE,CSE-CHARLIE-CASE-Q1-2026-00084,2026-03-26T22:06:09Z,CSE-CHARLIE-CASE-Q1-2026-00084-EV-01,EDR Detection Record,SHA256:f66fd7c6dba49ec8,REF-100076,OT-Historian-Watch
CSE-CHARLIE-ALT-Q1-2026-00233,CSE-CHARLIE-AST-0022,AVAILABLE,CSE-CHARLIE-CASE-Q1-2026-00084,2026-03-26T22:50:09Z,CSE-CHARLIE-CASE-Q1-2026-00084-EV-02,EDR Detection Record,SHA256:af02316ebc28665b,REF-705833,NIDS-Perimeter
CSE-CHARLIE-ALT-Q1-2026-00233,CSE-CHARLIE-AST-0022,AVAILABLE,CSE-CHARLIE-CASE-Q1-2026-00084,2026-03-26T21:35:09Z,CSE-CHARLIE-CASE-Q1-2026-00084-EV-03,Ticket Record,,REF-494660,NIDS-Perimeter
CSE-CHARLIE-ALT-Q1-2026-00236,CSE-CHARLIE-AST-0014,AVAILABLE,CSE-CHARLIE-CASE-Q1-2026-00085,2026-03-25T00:04:39Z,CSE-CHARLIE-CASE-Q1-2026-00085-EV-01,Log Extract Reference,SHA256:f1393342fc90b58e,REF-985597,Cloud-Sec-Posture
CSE-CHARLIE-ALT-Q1-2026-00236,CSE-CHARLIE-AST-0014,AVAILABLE,CSE-CHARLIE-CASE-Q1-2026-00085,2026-03-25T05:16:39Z,CSE-CHARLIE-CASE-Q1-2026-00085-EV-02,EDR Detection Record,SHA256:63566da1ae7b656c,REF-671763,SIEM-Core
CSE-CHARLIE-ALT-Q1-2026-00236,CSE-CHARLIE-AST-0014,REDACTED,CSE-CHARLIE-CASE-Q1-2026-00085,2026-03-24T23:07:39Z,CSE-CHARLIE-CASE-Q1-2026-00085-EV-03,Access Log Reference,,REF-393749,OT-Historian-Watch
CSE-CHARLIE-ALT-Q1-2026-00236,CSE-CHARLIE-AST-0014,AVAILABLE,CSE-CHARLIE-CASE-Q1-2026-00085,2026-03-24T21:28:39Z,CSE-CHARLIE-CASE-Q1-2026-00085-EV-04,Email Header Reference,SHA256:d850d2cf1de1e5a4,REF-957322,Firewall-Log
CSE-CHARLIE-ALT-Q1-2026-00238,CSE-CHARLIE-AST-0029,AVAILABLE,CSE-CHARLIE-CASE-Q1-2026-00086,2026-03-14T00:12:54Z,CSE-CHARLIE-CASE-Q1-2026-00086-EV-01,Access Log Reference,,REF-325171,SIEM-Core
CSE-CHARLIE-ALT-Q1-2026-00238,CSE-CHARLIE-AST-0029,AVAILABLE,CSE-CHARLIE-CASE-Q1-2026-00086,2026-03-13T20:02:54Z,CSE-CHARLIE-CASE-Q1-2026-00086-EV-02,Access Log Reference,SHA256:0370dd472c000da3,REF-709487,Cloud-Sec-Posture
CSE-CHARLIE-ALT-Q1-2026-00238,CSE-CHARLIE-AST-0029,AVAILABLE,CSE-CHARLIE-CASE-Q1-2026-00086,2026-03-13T18:09:54Z,CSE-CHARLIE-CASE-Q1-2026-00086-EV-03,Email Header Reference,,REF-941755,SIEM-Core
CSE-CHARLIE-ALT-Q1-2026-00240,CSE-CHARLIE-AST-0027,AVAILABLE,CSE-CHARLIE-CASE-Q1-2026-00087,2026-01-21T16:10:28Z,CSE-CHARLIE-CASE-Q1-2026-00087-EV-01,Alert Raw Record,,REF-258142,OT-Historian-Watch
CSE-CHARLIE-ALT-Q1-2026-00240,CSE-CHARLIE-AST-0027,AVAILABLE,CSE-CHARLIE-CASE-Q1-2026-00087,2026-01-21T14:45:28Z,CSE-CHARLIE-CASE-Q1-2026-00087-EV-02,Access Log Reference,SHA256:b6c7b45daf019c3f,REF-323881,SIEM-Core
CSE-CHARLIE-ALT-Q1-2026-00242,CSE-CHARLIE-AST-0017,AVAILABLE,CSE-CHARLIE-CASE-Q1-2026-00088,2026-01-20T21:47:16Z,CSE-CHARLIE-CASE-Q1-2026-00088-EV-01,Config Snapshot Reference,SHA256:8ace54d46c4116e9,REF-249788,EDR-Sentinel
CSE-CHARLIE-ALT-Q1-2026-00244,CSE-CHARLIE-AST-0029,AVAILABLE,CSE-CHARLIE-CASE-Q1-2026-00089,2026-03-25T01:27:27Z,CSE-CHARLIE-CASE-Q1-2026-00089-EV-01,Alert Raw Record,SHA256:a8b4b63a0fc8e93e,REF-649380,Cloud-Sec-Posture
CSE-CHARLIE-ALT-Q1-2026-00244,CSE-CHARLIE-AST-0029,AVAILABLE,CSE-CHARLIE-CASE-Q1-2026-00089,2026-03-24T20:00:27Z,CSE-CHARLIE-CASE-Q1-2026-00089-EV-02,Access Log Reference,SHA256:613ed3c570b797ae,REF-886556,Firewall-Log
CSE-CHARLIE-ALT-Q1-2026-00244,CSE-CHARLIE-AST-0029,AVAILABLE,CSE-CHARLIE-CASE-Q1-2026-00089,2026-03-24T22:52:27Z,CSE-CHARLIE-CASE-Q1-2026-00089-EV-03,Ticket Record,SHA256:840afc14484fb1cb,REF-904999,OT-Historian-Watch
CSE-CHARLIE-ALT-Q1-2026-00244,CSE-CHARLIE-AST-0029,AVAILABLE,CSE-CHARLIE-CASE-Q1-2026-00089,2026-03-24T18:46:27Z,CSE-CHARLIE-CASE-Q1-2026-00089-EV-04,EDR Detection Record,,REF-577386,Cloud-Sec-Posture
CSE-CHARLIE-ALT-Q1-2026-00245,CSE-CHARLIE-AST-0033,AVAILABLE,CSE-CHARLIE-CASE-Q1-2026-00090,2026-03-05T22:08:30Z,CSE-CHARLIE-CASE-Q1-2026-00090-EV-01,Alert Raw Record,SHA256:a71179bff0931db1,REF-772222,Cloud-Sec-Posture
CSE-CHARLIE-ALT-Q1-2026-00245,CSE-CHARLIE-AST-0033,AVAILABLE,CSE-CHARLIE-CASE-Q1-2026-00090,2026-03-05T22:50:30Z,CSE-CHARLIE-CASE-Q1-2026-00090-EV-02,Email Header Reference,SHA256:e0f39bcb4df06202,REF-513353,NIDS-Perimeter
CSE-CHARLIE-ALT-Q1-2026-00245,CSE-CHARLIE-AST-0033,AVAILABLE,CSE-CHARLIE-CASE-Q1-2026-00090,2026-03-05T20:12:30Z,CSE-CHARLIE-CASE-Q1-2026-00090-EV-03,Log Extract Reference,SHA256:35598a548f18d1d5,REF-618606,NIDS-Perimeter
CSE-CHARLIE-ALT-Q1-2026-00247,CSE-CHARLIE-AST-0022,REDACTED,CSE-CHARLIE-CASE-Q1-2026-00091,2026-03-18T22:45:12Z,CSE-CHARLIE-CASE-Q1-2026-00091-EV-01,Config Snapshot Reference,SHA256:d56a1da8c530c692,REF-146382,Cloud-Sec-Posture
CSE-CHARLIE-ALT-Q1-2026-00247,CSE-CHARLIE-AST-0022,AVAILABLE,CSE-CHARLIE-CASE-Q1-2026-00091,2026-03-19T03:27:12Z,CSE-CHARLIE-CASE-Q1-2026-00091-EV-02,Packet Metadata Reference,SHA256:e0f98e12934b6982,REF-809184,EDR-Sentinel
CSE-CHARLIE-ALT-Q1-2026-00247,CSE-CHARLIE-AST-0022,AVAILABLE,CSE-CHARLIE-CASE-Q1-2026-00091,2026-03-19T02:08:12Z,CSE-CHARLIE-CASE-Q1-2026-00091-EV-03,Config Snapshot Reference,SHA256:e06297a05f12af38,REF-966983,EDR-Sentinel
CSE-CHARLIE-ALT-Q1-2026-00247,CSE-CHARLIE-AST-0022,AVAILABLE,CSE-CHARLIE-CASE-Q1-2026-00091,2026-03-18T21:37:12Z,CSE-CHARLIE-CASE-Q1-2026-00091-EV-04,Packet Metadata Reference,SHA256:f7eb77ff2b84049b,REF-338522,Cloud-Sec-Posture
CSE-CHARLIE-ALT-Q1-2026-00250,CSE-CHARLIE-AST-0036,AVAILABLE,CSE-CHARLIE-CASE-Q1-2026-00092,2026-01-31T16:27:15Z,CSE-CHARLIE-CASE-Q1-2026-00092-EV-01,Ticket Record,,REF-684161,Cloud-Sec-Posture
CSE-CHARLIE-ALT-Q1-2026-00251,CSE-CHARLIE-AST-0043,AVAILABLE,CSE-CHARLIE-CASE-Q1-2026-00093,2026-02-08T09:08:56Z,CSE-CHARLIE-CASE-Q1-2026-00093-EV-01,Log Extract Reference,SHA256:509f6a37d9d43302,REF-274701,SIEM-Core
CSE-CHARLIE-ALT-Q1-2026-00251,CSE-CHARLIE-AST-0043,AVAILABLE,CSE-CHARLIE-CASE-Q1-2026-00093,2026-02-08T02:55:56Z,CSE-CHARLIE-CASE-Q1-2026-00093-EV-02,Email Header Reference,SHA256:502a7fc890716a97,REF-597559,EDR-Sentinel
CSE-CHARLIE-ALT-Q1-2026-00258,CSE-CHARLIE-AST-0024,AVAILABLE,CSE-CHARLIE-CASE-Q1-2026-00094,2026-03-23T17:55:59Z,CSE-CHARLIE-CASE-Q1-2026-00094-EV-01,Alert Raw Record,SHA256:8781bc2ffae1ae49,REF-402625,OT-Historian-Watch
CSE-CHARLIE-ALT-Q1-2026-00258,CSE-CHARLIE-AST-0024,AVAILABLE,CSE-CHARLIE-CASE-Q1-2026-00094,2026-03-23T21:44:59Z,CSE-CHARLIE-CASE-Q1-2026-00094-EV-02,EDR Detection Record,SHA256:e79676b23b37c0d7,REF-199960,SIEM-Core
CSE-CHARLIE-ALT-Q1-2026-00258,CSE-CHARLIE-AST-0024,AVAILABLE,CSE-CHARLIE-CASE-Q1-2026-00094,2026-03-23T17:23:59Z,CSE-CHARLIE-CASE-Q1-2026-00094-EV-03,EDR Detection Record,SHA256:50e2e408f523b4c7,REF-702980,Firewall-Log
CSE-CHARLIE-ALT-Q1-2026-00258,CSE-CHARLIE-AST-0024,AVAILABLE,CSE-CHARLIE-CASE-Q1-2026-00094,2026-03-23T22:13:59Z,CSE-CHARLIE-CASE-Q1-2026-00094-EV-04,Config Snapshot Reference,SHA256:6f663c57570907bd,REF-306543,SIEM-Core
CSE-CHARLIE-ALT-Q1-2026-00263,CSE-CHARLIE-AST-0021,AVAILABLE,CSE-CHARLIE-CASE-Q1-2026-00095,2026-01-08T01:33:41Z,CSE-CHARLIE-CASE-Q1-2026-00095-EV-01,Log Extract Reference,,REF-910572,OT-Historian-Watch
CSE-CHARLIE-ALT-Q1-2026-00263,CSE-CHARLIE-AST-0021,AVAILABLE,CSE-CHARLIE-CASE-Q1-2026-00095,2026-01-08T02:44:41Z,CSE-CHARLIE-CASE-Q1-2026-00095-EV-02,Log Extract Reference,SHA256:46f021c2f61485c0,REF-890641,OT-Historian-Watch
CSE-CHARLIE-ALT-Q1-2026-00264,CSE-CHARLIE-AST-0001,AVAILABLE,CSE-CHARLIE-CASE-Q1-2026-00096,2026-03-12T00:09:37Z,CSE-CHARLIE-CASE-Q1-2026-00096-EV-01,Log Extract Reference,,REF-900506,Firewall-Log
CSE-CHARLIE-ALT-Q1-2026-00264,CSE-CHARLIE-AST-0001,AVAILABLE,CSE-CHARLIE-CASE-Q1-2026-00096,2026-03-11T23:03:37Z,CSE-CHARLIE-CASE-Q1-2026-00096-EV-02,Access Log Reference,,REF-620163,OT-Historian-Watch
CSE-CHARLIE-ALT-Q1-2026-00264,CSE-CHARLIE-AST-0001,UNAVAILABLE,CSE-CHARLIE-CASE-Q1-2026-00096,2026-03-12T02:32:37Z,CSE-CHARLIE-CASE-Q1-2026-00096-EV-03,Config Snapshot Reference,SHA256:1a8f3063c883b656,REF-174170,EDR-Sentinel
CSE-CHARLIE-ALT-Q1-2026-00265,CSE-CHARLIE-AST-0024,AVAILABLE,CSE-CHARLIE-CASE-Q1-2026-00097,2026-01-21T23:56:15Z,CSE-CHARLIE-CASE-Q1-2026-00097-EV-01,Config Snapshot Reference,SHA256:126aadbdd2ecd1b3,REF-122183,IAM-Monitor
CSE-CHARLIE-ALT-Q1-2026-00265,CSE-CHARLIE-AST-0024,AVAILABLE,CSE-CHARLIE-CASE-Q1-2026-00097,2026-01-21T21:31:15Z,CSE-CHARLIE-CASE-Q1-2026-00097-EV-02,Packet Metadata Reference,,REF-635121,SIEM-Core
CSE-CHARLIE-ALT-Q1-2026-00267,CSE-CHARLIE-AST-0044,AVAILABLE,CSE-CHARLIE-CASE-Q1-2026-00098,2026-02-07T22:58:45Z,CSE-CHARLIE-CASE-Q1-2026-00098-EV-01,Access Log Reference,SHA256:5c2354faff293e27,REF-105871,IAM-Monitor
CSE-CHARLIE-ALT-Q1-2026-00267,CSE-CHARLIE-AST-0044,AVAILABLE,CSE-CHARLIE-CASE-Q1-2026-00098,2026-02-07T22:51:45Z,CSE-CHARLIE-CASE-Q1-2026-00098-EV-02,EDR Detection Record,SHA256:fada59fb4d433f29,REF-525487,Firewall-Log
CSE-CHARLIE-ALT-Q1-2026-00267,CSE-CHARLIE-AST-0044,AVAILABLE,CSE-CHARLIE-CASE-Q1-2026-00098,2026-02-07T20:15:45Z,CSE-CHARLIE-CASE-Q1-2026-00098-EV-03,Log Extract Reference,SHA256:9374fec44d319b05,REF-478626,Firewall-Log
CSE-CHARLIE-ALT-Q1-2026-00273,CSE-CHARLIE-AST-0006,AVAILABLE,CSE-CHARLIE-CASE-Q1-2026-00099,2026-01-12T17:56:56Z,CSE-CHARLIE-CASE-Q1-2026-00099-EV-01,Config Snapshot Reference,SHA256:76047b3213a412a6,REF-156095,OT-Historian-Watch
CSE-CHARLIE-ALT-Q1-2026-00275,CSE-CHARLIE-AST-0030,REDACTED,CSE-CHARLIE-CASE-Q1-2026-00100,2026-03-31T11:16:13Z,CSE-CHARLIE-CASE-Q1-2026-00100-EV-01,Packet Metadata Reference,SHA256:0fb390e3dd20ac22,REF-240214,IAM-Monitor
CSE-CHARLIE-ALT-Q1-2026-00275,CSE-CHARLIE-AST-0030,AVAILABLE,CSE-CHARLIE-CASE-Q1-2026-00100,2026-03-31T11:53:13Z,CSE-CHARLIE-CASE-Q1-2026-00100-EV-02,Email Header Reference,,REF-127022,NIDS-Perimeter
CSE-CHARLIE-ALT-Q1-2026-00276,CSE-CHARLIE-AST-0060,AVAILABLE,CSE-CHARLIE-CASE-Q1-2026-00101,2026-02-05T17:21:28Z,CSE-CHARLIE-CASE-Q1-2026-00101-EV-01,Email Header Reference,SHA256:c63c237e190ff3ee,REF-655063,EDR-Sentinel
CSE-CHARLIE-ALT-Q1-2026-00276,CSE-CHARLIE-AST-0060,AVAILABLE,CSE-CHARLIE-CASE-Q1-2026-00101,2026-02-05T23:20:28Z,CSE-CHARLIE-CASE-Q1-2026-00101-EV-02,Packet Metadata Reference,,REF-113353,EDR-Sentinel
CSE-CHARLIE-ALT-Q1-2026-00280,CSE-CHARLIE-AST-0035,AVAILABLE,CSE-CHARLIE-CASE-Q1-2026-00102,2026-03-29T22:08:56Z,CSE-CHARLIE-CASE-Q1-2026-00102-EV-01,Log Extract Reference,SHA256:d0605443207592f1,REF-482449,Cloud-Sec-Posture
CSE-CHARLIE-ALT-Q1-2026-00280,CSE-CHARLIE-AST-0035,AVAILABLE,CSE-CHARLIE-CASE-Q1-2026-00102,2026-03-29T18:23:56Z,CSE-CHARLIE-CASE-Q1-2026-00102-EV-02,Email Header Reference,SHA256:f22058ce973cafea,REF-748773,OT-Historian-Watch
CSE-CHARLIE-ALT-Q1-2026-00280,CSE-CHARLIE-AST-0035,AVAILABLE,CSE-CHARLIE-CASE-Q1-2026-00102,2026-03-29T18:21:56Z,CSE-CHARLIE-CASE-Q1-2026-00102-EV-03,Access Log Reference,SHA256:ce44a3ea7c03a73f,REF-229543,NIDS-Perimeter
CSE-CHARLIE-ALT-Q1-2026-00281,CSE-CHARLIE-AST-0045,AVAILABLE,CSE-CHARLIE-CASE-Q1-2026-00103,2026-03-12T00:11:14Z,CSE-CHARLIE-CASE-Q1-2026-00103-EV-01,Ticket Record,SHA256:9cd57e80b27d2120,REF-876146,IAM-Monitor
CSE-CHARLIE-ALT-Q1-2026-00281,CSE-CHARLIE-AST-0045,AVAILABLE,CSE-CHARLIE-CASE-Q1-2026-00103,2026-03-12T04:09:14Z,CSE-CHARLIE-CASE-Q1-2026-00103-EV-02,Packet Metadata Reference,SHA256:bae4a98f27caa86e,REF-463619,Cloud-Sec-Posture
CSE-CHARLIE-ALT-Q1-2026-00281,CSE-CHARLIE-AST-0045,AVAILABLE,CSE-CHARLIE-CASE-Q1-2026-00103,2026-03-12T02:34:14Z,CSE-CHARLIE-CASE-Q1-2026-00103-EV-03,Config Snapshot Reference,SHA256:e22451a08873a589,REF-723003,OT-Historian-Watch
CSE-CHARLIE-ALT-Q1-2026-00283,CSE-CHARLIE-AST-0016,AVAILABLE,CSE-CHARLIE-CASE-Q1-2026-00104,2026-03-08T22:59:00Z,CSE-CHARLIE-CASE-Q1-2026-00104-EV-01,Access Log Reference,,REF-924896,IAM-Monitor
CSE-CHARLIE-ALT-Q1-2026-00283,CSE-CHARLIE-AST-0016,AVAILABLE,CSE-CHARLIE-CASE-Q1-2026-00104,2026-03-08T17:29:00Z,CSE-CHARLIE-CASE-Q1-2026-00104-EV-02,Config Snapshot Reference,SHA256:0794932d715b3812,REF-246403,Cloud-Sec-Posture
CSE-CHARLIE-ALT-Q1-2026-00288,CSE-CHARLIE-AST-0041,AVAILABLE,CSE-CHARLIE-CASE-Q1-2026-00106,2026-01-10T02:22:06Z,CSE-CHARLIE-CASE-Q1-2026-00106-EV-01,Email Header Reference,,REF-769279,Cloud-Sec-Posture
CSE-CHARLIE-ALT-Q1-2026-00288,CSE-CHARLIE-AST-0041,AVAILABLE,CSE-CHARLIE-CASE-Q1-2026-00106,2026-01-10T02:00:06Z,CSE-CHARLIE-CASE-Q1-2026-00106-EV-02,Alert Raw Record,,REF-967456,SIEM-Core
CSE-CHARLIE-ALT-Q1-2026-00288,CSE-CHARLIE-AST-0041,AVAILABLE,CSE-CHARLIE-CASE-Q1-2026-00106,2026-01-09T19:58:06Z,CSE-CHARLIE-CASE-Q1-2026-00106-EV-03,Packet Metadata Reference,,REF-638110,SIEM-Core
CSE-CHARLIE-ALT-Q1-2026-00291,CSE-CHARLIE-AST-0014,REDACTED,CSE-CHARLIE-CASE-Q1-2026-00107,2026-02-14T01:56:38Z,CSE-CHARLIE-CASE-Q1-2026-00107-EV-01,Config Snapshot Reference,SHA256:cb50901618a9b40d,REF-213871,OT-Historian-Watch
CSE-CHARLIE-ALT-Q1-2026-00291,CSE-CHARLIE-AST-0014,AVAILABLE,CSE-CHARLIE-CASE-Q1-2026-00107,2026-02-14T01:47:38Z,CSE-CHARLIE-CASE-Q1-2026-00107-EV-02,Alert Raw Record,SHA256:c629b0de03851f6e,REF-468243,Firewall-Log
,CSE-CHARLIE-AST-0019,AVAILABLE,,2026-03-05T14:48:28Z,CSE-CHARLIE-EV-BASE-Q1-2026-00001,Log Extract Reference,,REF-259714,EDR-Sentinel
,CSE-CHARLIE-AST-0013,AVAILABLE,,2026-01-27T22:04:25Z,CSE-CHARLIE-EV-BASE-Q1-2026-00002,Log Extract Reference,,REF-643814,OT-Historian-Watch
,CSE-CHARLIE-AST-0039,UNAVAILABLE,,2026-02-09T12:14:28Z,CSE-CHARLIE-EV-BASE-Q1-2026-00003,Log Extract Reference,,REF-191056,Cloud-Sec-Posture
,CSE-CHARLIE-AST-0009,AVAILABLE,,2026-03-02T10:10:54Z,CSE-CHARLIE-EV-BASE-Q1-2026-00004,Log Extract Reference,,REF-949972,Cloud-Sec-Posture
,CSE-CHARLIE-AST-0021,AVAILABLE,,2026-03-13T04:52:13Z,CSE-CHARLIE-EV-BASE-Q1-2026-00005,Log Extract Reference,,REF-730076,Firewall-Log
,CSE-CHARLIE-AST-0033,AVAILABLE,,2026-03-14T08:31:09Z,CSE-CHARLIE-EV-BASE-Q1-2026-00006,Log Extract Reference,,REF-436322,SIEM-Core
,CSE-CHARLIE-AST-0006,AVAILABLE,,2026-01-17T19:57:15Z,CSE-CHARLIE-EV-BASE-Q1-2026-00007,Log Extract Reference,,REF-217763,Firewall-Log
,CSE-CHARLIE-AST-0044,AVAILABLE,,2026-01-26T10:57:46Z,CSE-CHARLIE-EV-BASE-Q1-2026-00008,Log Extract Reference,,REF-627974,Cloud-Sec-Posture
,CSE-CHARLIE-AST-0005,AVAILABLE,,2026-03-01T09:07:39Z,CSE-CHARLIE-EV-BASE-Q1-2026-00009,Log Extract Reference,,REF-738230,SIEM-Core
,CSE-CHARLIE-AST-0019,AVAILABLE,,2026-01-20T05:17:53Z,CSE-CHARLIE-EV-BASE-Q1-2026-00010,Log Extract Reference,,REF-928475,SIEM-Core
,CSE-CHARLIE-AST-0055,AVAILABLE,,2026-03-22T07:30:20Z,CSE-CHARLIE-EV-BASE-Q1-2026-00011,Log Extract Reference,,REF-267359,IAM-Monitor
,CSE-CHARLIE-AST-0055,AVAILABLE,,2026-03-10T05:34:51Z,CSE-CHARLIE-EV-BASE-Q1-2026-00012,Log Extract Reference,,REF-734450,OT-Historian-Watch
,CSE-CHARLIE-AST-0025,AVAILABLE,,2026-03-06T08:47:46Z,CSE-CHARLIE-EV-BASE-Q1-2026-00013,Log Extract Reference,,REF-258254,SIEM-Core
,CSE-CHARLIE-AST-0023,AVAILABLE,,2026-02-21T06:06:17Z,CSE-CHARLIE-EV-BASE-Q1-2026-00014,Log Extract Reference,,REF-589928,EDR-Sentinel
,CSE-CHARLIE-AST-0017,UNAVAILABLE,,2026-02-21T21:11:54Z,CSE-CHARLIE-EV-BASE-Q1-2026-00015,Log Extract Reference,,REF-152493,IAM-Monitor
,CSE-CHARLIE-AST-0008,AVAILABLE,,2026-02-03T08:29:44Z,CSE-CHARLIE-EV-BASE-Q1-2026-00016,Log Extract Reference,,REF-134674,NIDS-Perimeter
,CSE-CHARLIE-AST-0002,AVAILABLE,,2026-03-27T17:38:05Z,CSE-CHARLIE-EV-BASE-Q1-2026-00017,Log Extract Reference,,REF-733997,OT-Historian-Watch
,CSE-CHARLIE-AST-0049,REDACTED,,2026-01-03T02:25:32Z,CSE-CHARLIE-EV-BASE-Q1-2026-00018,Log Extract Reference,,REF-413141,EDR-Sentinel
,CSE-CHARLIE-AST-0001,AVAILABLE,,2026-02-01T23:41:38Z,CSE-CHARLIE-EV-BASE-Q1-2026-00019,Log Extract Reference,,REF-217351,Cloud-Sec-Posture
,CSE-CHARLIE-AST-0049,AVAILABLE,,2026-03-13T02:12:31Z,CSE-CHARLIE-EV-BASE-Q1-2026-00020,Log Extract Reference,,REF-637298,OT-Historian-Watch
,CSE-CHARLIE-AST-0015,AVAILABLE,,2026-03-28T16:50:24Z,CSE-CHARLIE-EV-BASE-Q1-2026-00021,Log Extract Reference,,REF-687013,Cloud-Sec-Posture
,CSE-CHARLIE-AST-0026,AVAILABLE,,2026-01-30T08:08:44Z,CSE-CHARLIE-EV-BASE-Q1-2026-00022,Log Extract Reference,,REF-180961,IAM-Monitor
,CSE-CHARLIE-AST-0009,AVAILABLE,,2026-02-08T18:26:40Z,CSE-CHARLIE-EV-BASE-Q1-2026-00023,Log Extract Reference,,REF-823488,Cloud-Sec-Posture
,CSE-CHARLIE-AST-0050,AVAILABLE,,2026-02-19T05:31:09Z,CSE-CHARLIE-EV-BASE-Q1-2026-00024,Log Extract Reference,,REF-887590,Firewall-Log
,CSE-CHARLIE-AST-0061,REDACTED,,2026-01-01T01:18:05Z,CSE-CHARLIE-EV-BASE-Q1-2026-00025,Log Extract Reference,,REF-934764,Cloud-Sec-Posture
,CSE-CHARLIE-AST-0035,REDACTED,,2026-02-25T05:09:39Z,CSE-CHARLIE-EV-BASE-Q1-2026-00026,Log Extract Reference,,REF-796665,SIEM-Core
,CSE-CHARLIE-AST-0014,REDACTED,,2026-03-27T04:50:01Z,CSE-CHARLIE-EV-BASE-Q1-2026-00027,Log Extract Reference,,REF-436941,Firewall-Log
,CSE-CHARLIE-AST-0056,AVAILABLE,,2026-03-10T19:36:22Z,CSE-CHARLIE-EV-BASE-Q1-2026-00028,Log Extract Reference,,REF-231136,EDR-Sentinel
,CSE-CHARLIE-AST-0028,AVAILABLE,,2026-01-03T20:33:03Z,CSE-CHARLIE-EV-BASE-Q1-2026-00029,Log Extract Reference,,REF-953099,Firewall-Log
,CSE-CHARLIE-AST-0019,AVAILABLE,,2026-03-06T22:28:10Z,CSE-CHARLIE-EV-BASE-Q1-2026-00030,Log Extract Reference,,REF-752609,IAM-Monitor
,CSE-CHARLIE-AST-0040,AVAILABLE,,2026-01-06T11:42:40Z,CSE-CHARLIE-EV-BASE-Q1-2026-00031,Log Extract Reference,,REF-840619,IAM-Monitor
,CSE-CHARLIE-AST-0049,AVAILABLE,,2026-02-10T23:35:27Z,CSE-CHARLIE-EV-BASE-Q1-2026-00032,Log Extract Reference,,REF-331893,Firewall-Log
,CSE-CHARLIE-AST-0060,UNAVAILABLE,,2026-03-15T19:09:12Z,CSE-CHARLIE-EV-BASE-Q1-2026-00033,Log Extract Reference,,REF-523742,IAM-Monitor
,CSE-CHARLIE-AST-0061,AVAILABLE,,2026-02-07T09:57:02Z,CSE-CHARLIE-EV-BASE-Q1-2026-00034,Log Extract Reference,,REF-416195,SIEM-Core
,CSE-CHARLIE-AST-0035,AVAILABLE,,2026-02-25T01:09:56Z,CSE-CHARLIE-EV-BASE-Q1-2026-00035,Log Extract Reference,,REF-560177,Cloud-Sec-Posture
,CSE-CHARLIE-AST-0027,AVAILABLE,,2026-01-21T08:36:30Z,CSE-CHARLIE-EV-BASE-Q1-2026-00036,Log Extract Reference,,REF-964175,IAM-Monitor
,CSE-CHARLIE-AST-0062,AVAILABLE,,2026-03-17T23:32:43Z,CSE-CHARLIE-EV-BASE-Q1-2026-00037,Log Extract Reference,,REF-654832,EDR-Sentinel
,CSE-CHARLIE-AST-0032,AVAILABLE,,2026-01-25T05:51:38Z,CSE-CHARLIE-EV-BASE-Q1-2026-00038,Log Extract Reference,,REF-485896,OT-Historian-Watch
,CSE-CHARLIE-AST-0063,AVAILABLE,,2026-03-16T17:14:30Z,CSE-CHARLIE-EV-BASE-Q1-2026-00039,Log Extract Reference,,REF-971596,Firewall-Log
,CSE-CHARLIE-AST-0001,AVAILABLE,,2026-02-22T08:47:44Z,CSE-CHARLIE-EV-BASE-Q1-2026-00040,Log Extract Reference,,REF-396376,Firewall-Log
,CSE-CHARLIE-AST-0029,AVAILABLE,,2026-01-19T22:22:34Z,CSE-CHARLIE-EV-BASE-Q1-2026-00041,Log Extract Reference,,REF-343229,OT-Historian-Watch
,CSE-CHARLIE-AST-0058,AVAILABLE,,2026-02-19T09:39:44Z,CSE-CHARLIE-EV-BASE-Q1-2026-00042,Log Extract Reference,,REF-907575,EDR-Sentinel
,CSE-CHARLIE-AST-0004,AVAILABLE,,2026-03-01T23:24:39Z,CSE-CHARLIE-EV-BASE-Q1-2026-00043,Log Extract Reference,,REF-672179,EDR-Sentinel
,CSE-CHARLIE-AST-0046,AVAILABLE,,2026-01-08T00:19:09Z,CSE-CHARLIE-EV-BASE-Q1-2026-00044,Log Extract Reference,,REF-546137,Firewall-Log
,CSE-CHARLIE-AST-0058,AVAILABLE,,2026-02-02T00:28:48Z,CSE-CHARLIE-EV-BASE-Q1-2026-00045,Log Extract Reference,,REF-851956,NIDS-Perimeter
,CSE-CHARLIE-AST-0032,AVAILABLE,,2026-01-20T08:12:34Z,CSE-CHARLIE-EV-BASE-Q1-2026-00046,Log Extract Reference,,REF-529437,IAM-Monitor
,CSE-CHARLIE-AST-0019,AVAILABLE,,2026-03-16T23:30:20Z,CSE-CHARLIE-EV-BASE-Q1-2026-00047,Log Extract Reference,,REF-573472,Firewall-Log
,CSE-CHARLIE-AST-0041,AVAILABLE,,2026-02-12T23:19:14Z,CSE-CHARLIE-EV-BASE-Q1-2026-00048,Log Extract Reference,,REF-146259,OT-Historian-Watch
,CSE-CHARLIE-AST-0032,AVAILABLE,,2026-01-22T23:40:37Z,CSE-CHARLIE-EV-BASE-Q1-2026-00049,Log Extract Reference,,REF-632206,EDR-Sentinel
,CSE-CHARLIE-AST-0028,REDACTED,,2026-03-07T18:07:49Z,CSE-CHARLIE-EV-BASE-Q1-2026-00050,Log Extract Reference,,REF-346937,IAM-Monitor
,CSE-CHARLIE-AST-0063,AVAILABLE,,2026-03-13T19:24:21Z,CSE-CHARLIE-EV-BASE-Q1-2026-00051,Log Extract Reference,,REF-996956,SIEM-Core
,CSE-CHARLIE-AST-0038,AVAILABLE,,2026-01-18T01:45:57Z,CSE-CHARLIE-EV-BASE-Q1-2026-00052,Log Extract Reference,,REF-121606,Cloud-Sec-Posture
,CSE-CHARLIE-AST-0009,UNAVAILABLE,,2026-02-22T07:16:24Z,CSE-CHARLIE-EV-BASE-Q1-2026-00053,Log Extract Reference,,REF-721284,OT-Historian-Watch
,CSE-CHARLIE-AST-0004,AVAILABLE,,2026-03-21T03:57:29Z,CSE-CHARLIE-EV-BASE-Q1-2026-00054,Log Extract Reference,,REF-501735,EDR-Sentinel
,CSE-CHARLIE-AST-0017,AVAILABLE,,2026-02-05T11:49:24Z,CSE-CHARLIE-EV-BASE-Q1-2026-00055,Log Extract Reference,,REF-756014,Cloud-Sec-Posture
,CSE-CHARLIE-AST-0031,AVAILABLE,,2026-02-10T13:11:56Z,CSE-CHARLIE-EV-BASE-Q1-2026-00056,Log Extract Reference,,REF-784987,EDR-Sentinel
,CSE-CHARLIE-AST-0046,REDACTED,,2026-03-27T01:22:31Z,CSE-CHARLIE-EV-BASE-Q1-2026-00057,Log Extract Reference,,REF-546986,EDR-Sentinel
,CSE-CHARLIE-AST-0041,AVAILABLE,,2026-01-29T00:39:22Z,CSE-CHARLIE-EV-BASE-Q1-2026-00058,Log Extract Reference,,REF-140172,Cloud-Sec-Posture
,CSE-CHARLIE-AST-0001,AVAILABLE,,2026-02-26T20:46:22Z,CSE-CHARLIE-EV-BASE-Q1-2026-00059,Log Extract Reference,,REF-731172,Cloud-Sec-Posture
,CSE-CHARLIE-AST-0007,UNAVAILABLE,,2026-03-04T02:08:22Z,CSE-CHARLIE-EV-BASE-Q1-2026-00060,Log Extract Reference,,REF-894785,Cloud-Sec-Posture
,CSE-CHARLIE-AST-0039,AVAILABLE,,2026-01-03T11:44:24Z,CSE-CHARLIE-EV-BASE-Q1-2026-00061,Log Extract Reference,,REF-529836,IAM-Monitor
,CSE-CHARLIE-AST-0001,AVAILABLE,,2026-03-25T09:35:22Z,CSE-CHARLIE-EV-BASE-Q1-2026-00062,Log Extract Reference,,REF-253554,EDR-Sentinel
,CSE-CHARLIE-AST-0055,REDACTED,,2026-03-22T09:41:37Z,CSE-CHARLIE-EV-BASE-Q1-2026-00063,Log Extract Reference,,REF-505104,NIDS-Perimeter
,CSE-CHARLIE-AST-0058,AVAILABLE,,2026-01-10T20:06:58Z,CSE-CHARLIE-EV-BASE-Q1-2026-00064,Log Extract Reference,,REF-725670,OT-Historian-Watch
,CSE-CHARLIE-AST-0049,AVAILABLE,,2026-01-21T05:46:05Z,CSE-CHARLIE-EV-BASE-Q1-2026-00065,Log Extract Reference,,REF-474642,SIEM-Core
,CSE-CHARLIE-AST-0045,AVAILABLE,,2026-02-19T22:56:22Z,CSE-CHARLIE-EV-BASE-Q1-2026-00066,Log Extract Reference,,REF-798373,Firewall-Log
,CSE-CHARLIE-AST-0065,AVAILABLE,,2026-03-19T07:35:26Z,CSE-CHARLIE-EV-BASE-Q1-2026-00067,Log Extract Reference,,REF-983277,IAM-Monitor
,CSE-CHARLIE-AST-0017,AVAILABLE,,2026-03-16T19:48:58Z,CSE-CHARLIE-EV-BASE-Q1-2026-00068,Log Extract Reference,,REF-642923,Cloud-Sec-Posture
,CSE-CHARLIE-AST-0007,AVAILABLE,,2026-01-04T16:05:14Z,CSE-CHARLIE-EV-BASE-Q1-2026-00069,Log Extract Reference,,REF-679971,OT-Historian-Watch
,CSE-CHARLIE-AST-0023,AVAILABLE,,2026-03-07T08:38:52Z,CSE-CHARLIE-EV-BASE-Q1-2026-00070,Log Extract Reference,,REF-774363,OT-Historian-Watch
,CSE-CHARLIE-AST-0028,AVAILABLE,,2026-02-21T19:07:53Z,CSE-CHARLIE-EV-BASE-Q1-2026-00071,Log Extract Reference,,REF-541401,EDR-Sentinel
,CSE-CHARLIE-AST-0054,AVAILABLE,,2026-01-12T02:07:34Z,CSE-CHARLIE-EV-BASE-Q1-2026-00072,Log Extract Reference,,REF-591159,SIEM-Core
,CSE-CHARLIE-AST-0046,AVAILABLE,,2026-02-22T23:28:00Z,CSE-CHARLIE-EV-BASE-Q1-2026-00073,Log Extract Reference,,REF-623538,Cloud-Sec-Posture
,CSE-CHARLIE-AST-0013,AVAILABLE,,2026-01-14T12:45:43Z,CSE-CHARLIE-EV-BASE-Q1-2026-00074,Log Extract Reference,,REF-494388,IAM-Monitor
,CSE-CHARLIE-AST-0027,AVAILABLE,,2026-03-25T17:17:19Z,CSE-CHARLIE-EV-BASE-Q1-2026-00075,Log Extract Reference,,REF-607530,OT-Historian-Watch
,CSE-CHARLIE-AST-0039,AVAILABLE,,2026-02-12T10:34:16Z,CSE-CHARLIE-EV-BASE-Q1-2026-00076,Log Extract Reference,,REF-144305,IAM-Monitor
,CSE-CHARLIE-AST-0026,AVAILABLE,,2026-03-13T17:06:50Z,CSE-CHARLIE-EV-BASE-Q1-2026-00077,Log Extract Reference,,REF-154232,EDR-Sentinel
,CSE-CHARLIE-AST-0037,AVAILABLE,,2026-01-03T16:44:30Z,CSE-CHARLIE-EV-BASE-Q1-2026-00078,Log Extract Reference,,REF-211964,OT-Historian-Watch
,CSE-CHARLIE-AST-0011,AVAILABLE,,2026-01-25T14:45:45Z,CSE-CHARLIE-EV-BASE-Q1-2026-00079,Log Extract Reference,,REF-979110,Firewall-Log
,CSE-CHARLIE-AST-0007,AVAILABLE,,2026-01-20T01:37:35Z,CSE-CHARLIE-EV-BASE-Q1-2026-00080,Log Extract Reference,,REF-727997,IAM-Monitor
,CSE-CHARLIE-AST-0016,REDACTED,,2026-03-23T20:02:31Z,CSE-CHARLIE-EV-BASE-Q1-2026-00081,Log Extract Reference,,REF-872447,OT-Historian-Watch
,CSE-CHARLIE-AST-0025,AVAILABLE,,2026-01-29T06:32:40Z,CSE-CHARLIE-EV-BASE-Q1-2026-00082,Log Extract Reference,,REF-916865,IAM-Monitor
,CSE-CHARLIE-AST-0003,UNAVAILABLE,,2026-01-09T00:26:01Z,CSE-CHARLIE-EV-BASE-Q1-2026-00083,Log Extract Reference,,REF-126482,NIDS-Perimeter
,CSE-CHARLIE-AST-0017,AVAILABLE,,2026-02-13T08:37:12Z,CSE-CHARLIE-EV-BASE-Q1-2026-00084,Log Extract Reference,,REF-850778,IAM-Monitor
,CSE-CHARLIE-AST-0034,AVAILABLE,,2026-03-22T09:07:55Z,CSE-CHARLIE-EV-BASE-Q1-2026-00085,Log Extract Reference,,REF-923802,SIEM-Core
,CSE-CHARLIE-AST-0023,AVAILABLE,,2026-02-19T14:56:19Z,CSE-CHARLIE-EV-BASE-Q1-2026-00086,Log Extract Reference,,REF-967971,NIDS-Perimeter
,CSE-CHARLIE-AST-0041,AVAILABLE,,2026-03-20T11:08:59Z,CSE-CHARLIE-EV-BASE-Q1-2026-00087,Log Extract Reference,,REF-721674,EDR-Sentinel
,CSE-CHARLIE-AST-0023,AVAILABLE,,2026-02-02T18:03:05Z,CSE-CHARLIE-EV-BASE-Q1-2026-00088,Log Extract Reference,,REF-100642,IAM-Monitor
,CSE-CHARLIE-AST-0041,AVAILABLE,,2026-01-09T02:45:35Z,CSE-CHARLIE-EV-BASE-Q1-2026-00089,Log Extract Reference,,REF-686130,OT-Historian-Watch
,CSE-CHARLIE-AST-0010,AVAILABLE,,2026-01-24T17:09:18Z,CSE-CHARLIE-EV-BASE-Q1-2026-00090,Log Extract Reference,,REF-794884,Cloud-Sec-Posture
,CSE-CHARLIE-AST-0009,AVAILABLE,,2026-02-01T13:49:19Z,CSE-CHARLIE-EV-BASE-Q1-2026-00091,Log Extract Reference,,REF-496501,NIDS-Perimeter
,CSE-CHARLIE-AST-0003,AVAILABLE,,2026-01-23T15:52:42Z,CSE-CHARLIE-EV-BASE-Q1-2026-00092,Log Extract Reference,,REF-536650,IAM-Monitor
,CSE-CHARLIE-AST-0039,AVAILABLE,,2026-01-10T19:48:43Z,CSE-CHARLIE-EV-BASE-Q1-2026-00093,Log Extract Reference,,REF-611365,EDR-Sentinel
,CSE-CHARLIE-AST-0065,AVAILABLE,,2026-01-15T11:44:36Z,CSE-CHARLIE-EV-BASE-Q1-2026-00094,Log Extract Reference,,REF-364760,EDR-Sentinel
,CSE-CHARLIE-AST-0066,AVAILABLE,,2026-01-14T20:42:47Z,CSE-CHARLIE-EV-BASE-Q1-2026-00095,Log Extract Reference,,REF-506564,Firewall-Log
,CSE-CHARLIE-AST-0050,AVAILABLE,,2026-02-01T14:58:56Z,CSE-CHARLIE-EV-BASE-Q1-2026-00096,Log Extract Reference,,REF-946470,OT-Historian-Watch
,CSE-CHARLIE-AST-0006,AVAILABLE,,2026-02-06T07:32:48Z,CSE-CHARLIE-EV-BASE-Q1-2026-00097,Log Extract Reference,,REF-660609,SIEM-Core
,CSE-CHARLIE-AST-0031,AVAILABLE,,2026-03-10T17:43:47Z,CSE-CHARLIE-EV-BASE-Q1-2026-00098,Log Extract Reference,,REF-229532,Cloud-Sec-Posture
,CSE-CHARLIE-AST-0033,REDACTED,,2026-02-22T23:00:56Z,CSE-CHARLIE-EV-BASE-Q1-2026-00099,Log Extract Reference,,REF-118234,SIEM-Core
,CSE-CHARLIE-AST-0055,AVAILABLE,,2026-03-10T16:59:06Z,CSE-CHARLIE-EV-BASE-Q1-2026-00100,Log Extract Reference,,REF-605087,SIEM-Core
,CSE-CHARLIE-AST-0006,AVAILABLE,,2026-03-29T14:38:36Z,CSE-CHARLIE-EV-BASE-Q1-2026-00101,Log Extract Reference,,REF-422773,IAM-Monitor
,CSE-CHARLIE-AST-0063,AVAILABLE,,2026-01-15T17:57:14Z,CSE-CHARLIE-EV-BASE-Q1-2026-00102,Log Extract Reference,,REF-583144,Cloud-Sec-Posture
,CSE-CHARLIE-AST-0008,REDACTED,,2026-03-22T05:50:37Z,CSE-CHARLIE-EV-BASE-Q1-2026-00103,Log Extract Reference,,REF-992133,Cloud-Sec-Posture
,CSE-CHARLIE-AST-0026,AVAILABLE,,2026-02-27T07:00:15Z,CSE-CHARLIE-EV-BASE-Q1-2026-00104,Log Extract Reference,,REF-904332,Cloud-Sec-Posture
,CSE-CHARLIE-AST-0061,AVAILABLE,,2026-01-04T08:18:58Z,CSE-CHARLIE-EV-BASE-Q1-2026-00105,Log Extract Reference,,REF-466088,Cloud-Sec-Posture
,CSE-CHARLIE-AST-0061,AVAILABLE,,2026-01-11T06:01:29Z,CSE-CHARLIE-EV-BASE-Q1-2026-00106,Log Extract Reference,,REF-122528,EDR-Sentinel
,CSE-CHARLIE-AST-0061,UNAVAILABLE,,2026-01-19T07:07:14Z,CSE-CHARLIE-EV-BASE-Q1-2026-00107,Log Extract Reference,,REF-478275,NIDS-Perimeter
,CSE-CHARLIE-AST-0038,AVAILABLE,,2026-03-15T02:27:37Z,CSE-CHARLIE-EV-BASE-Q1-2026-00108,Log Extract Reference,,REF-451419,NIDS-Perimeter
,CSE-CHARLIE-AST-0041,AVAILABLE,,2026-01-07T04:20:25Z,CSE-CHARLIE-EV-BASE-Q1-2026-00109,Log Extract Reference,,REF-554137,SIEM-Core
,CSE-CHARLIE-AST-0019,AVAILABLE,,2026-02-22T18:19:18Z,CSE-CHARLIE-EV-BASE-Q1-2026-00110,Log Extract Reference,,REF-611797,Firewall-Log
,CSE-CHARLIE-AST-0034,AVAILABLE,,2026-03-06T18:59:28Z,CSE-CHARLIE-EV-BASE-Q1-2026-00111,Log Extract Reference,,REF-671163,Cloud-Sec-Posture
,CSE-CHARLIE-AST-0030,UNAVAILABLE,,2026-01-12T16:31:50Z,CSE-CHARLIE-EV-BASE-Q1-2026-00112,Log Extract Reference,,REF-284505,Firewall-Log
,CSE-CHARLIE-AST-0010,AVAILABLE,,2026-01-06T11:35:09Z,CSE-CHARLIE-EV-BASE-Q1-2026-00113,Log Extract Reference,,REF-522428,IAM-Monitor
,CSE-CHARLIE-AST-0020,AVAILABLE,,2026-02-05T18:55:10Z,CSE-CHARLIE-EV-BASE-Q1-2026-00114,Log Extract Reference,,REF-390769,OT-Historian-Watch
,CSE-CHARLIE-AST-0016,AVAILABLE,,2026-02-25T08:23:47Z,CSE-CHARLIE-EV-BASE-Q1-2026-00115,Log Extract Reference,,REF-325698,OT-Historian-Watch
,CSE-CHARLIE-AST-0031,REDACTED,,2026-03-12T09:35:26Z,CSE-CHARLIE-EV-BASE-Q1-2026-00116,Log Extract Reference,,REF-758145,EDR-Sentinel
,CSE-CHARLIE-AST-0061,REDACTED,,2026-01-20T03:57:19Z,CSE-CHARLIE-EV-BASE-Q1-2026-00117,Log Extract Reference,,REF-200479,Cloud-Sec-Posture
,CSE-CHARLIE-AST-0058,AVAILABLE,,2026-03-30T05:10:53Z,CSE-CHARLIE-EV-BASE-Q1-2026-00118,Log Extract Reference,,REF-363811,EDR-Sentinel
,CSE-CHARLIE-AST-0024,AVAILABLE,,2026-02-03T09:39:08Z,CSE-CHARLIE-EV-BASE-Q1-2026-00119,Log Extract Reference,,REF-813069,IAM-Monitor
,CSE-CHARLIE-AST-0055,AVAILABLE,,2026-02-15T18:57:10Z,CSE-CHARLIE-EV-BASE-Q1-2026-00120,Log Extract Reference,,REF-916514,IAM-Monitor
,CSE-CHARLIE-AST-0056,AVAILABLE,,2026-01-03T09:20:44Z,CSE-CHARLIE-EV-BASE-Q1-2026-00121,Log Extract Reference,,REF-389761,Firewall-Log
,CSE-CHARLIE-AST-0049,AVAILABLE,,2026-03-02T13:59:14Z,CSE-CHARLIE-EV-BASE-Q1-2026-00122,Log Extract Reference,,REF-842395,Firewall-Log
,CSE-CHARLIE-AST-0032,AVAILABLE,,2026-02-06T10:36:44Z,CSE-CHARLIE-EV-BASE-Q1-2026-00123,Log Extract Reference,,REF-984451,EDR-Sentinel
,CSE-CHARLIE-AST-0039,AVAILABLE,,2026-02-07T01:24:21Z,CSE-CHARLIE-EV-BASE-Q1-2026-00124,Log Extract Reference,,REF-377108,OT-Historian-Watch
,CSE-CHARLIE-AST-0028,AVAILABLE,,2026-03-17T22:06:37Z,CSE-CHARLIE-EV-BASE-Q1-2026-00125,Log Extract Reference,,REF-445409,Cloud-Sec-Posture
,CSE-CHARLIE-AST-0027,AVAILABLE,,2026-03-19T03:12:51Z,CSE-CHARLIE-EV-BASE-Q1-2026-00126,Log Extract Reference,,REF-111387,IAM-Monitor
,CSE-CHARLIE-AST-0003,AVAILABLE,,2026-03-12T10:22:15Z,CSE-CHARLIE-EV-BASE-Q1-2026-00127,Log Extract Reference,,REF-687652,Firewall-Log
,CSE-CHARLIE-AST-0030,UNAVAILABLE,,2026-02-03T07:48:52Z,CSE-CHARLIE-EV-BASE-Q1-2026-00128,Log Extract Reference,,REF-457909,Firewall-Log
,CSE-CHARLIE-AST-0039,AVAILABLE,,2026-01-17T19:41:22Z,CSE-CHARLIE-EV-BASE-Q1-2026-00129,Log Extract Reference,,REF-795600,IAM-Monitor
,CSE-CHARLIE-AST-0045,AVAILABLE,,2026-01-07T00:12:44Z,CSE-CHARLIE-EV-BASE-Q1-2026-00130,Log Extract Reference,,REF-229268,EDR-Sentinel
,CSE-CHARLIE-AST-0007,AVAILABLE,,2026-02-23T15:58:39Z,CSE-CHARLIE-EV-BASE-Q1-2026-00131,Log Extract Reference,,REF-795730,OT-Historian-Watch
,CSE-CHARLIE-AST-0044,AVAILABLE,,2026-03-22T21:25:23Z,CSE-CHARLIE-EV-BASE-Q1-2026-00132,Log Extract Reference,,REF-614430,Firewall-Log
,CSE-CHARLIE-AST-0034,AVAILABLE,,2026-02-05T03:14:17Z,CSE-CHARLIE-EV-BASE-Q1-2026-00133,Log Extract Reference,,REF-898259,EDR-Sentinel
,CSE-CHARLIE-AST-0007,AVAILABLE,,2026-03-22T01:58:37Z,CSE-CHARLIE-EV-BASE-Q1-2026-00134,Log Extract Reference,,REF-914000,IAM-Monitor
,CSE-CHARLIE-AST-0031,AVAILABLE,,2026-02-12T14:33:52Z,CSE-CHARLIE-EV-BASE-Q1-2026-00135,Log Extract Reference,,REF-254534,EDR-Sentinel
,CSE-CHARLIE-AST-0056,AVAILABLE,,2026-01-30T10:44:28Z,CSE-CHARLIE-EV-BASE-Q1-2026-00136,Log Extract Reference,,REF-789354,Cloud-Sec-Posture
,CSE-CHARLIE-AST-0015,AVAILABLE,,2026-02-23T09:45:52Z,CSE-CHARLIE-EV-BASE-Q1-2026-00137,Log Extract Reference,,REF-305307,Firewall-Log
,CSE-CHARLIE-AST-0050,AVAILABLE,,2026-01-20T03:53:27Z,CSE-CHARLIE-EV-BASE-Q1-2026-00138,Log Extract Reference,,REF-237383,IAM-Monitor
,CSE-CHARLIE-AST-0003,AVAILABLE,,2026-02-07T18:57:58Z,CSE-CHARLIE-EV-BASE-Q1-2026-00139,Log Extract Reference,,REF-288576,OT-Historian-Watch
,CSE-CHARLIE-AST-0011,AVAILABLE,,2026-02-14T23:41:54Z,CSE-CHARLIE-EV-BASE-Q1-2026-00140,Log Extract Reference,,REF-595776,SIEM-Core
,CSE-CHARLIE-AST-0049,AVAILABLE,,2026-03-08T19:56:00Z,CSE-CHARLIE-EV-BASE-Q1-2026-00141,Log Extract Reference,,REF-312015,Firewall-Log
,CSE-CHARLIE-AST-0033,AVAILABLE,,2026-01-04T00:33:27Z,CSE-CHARLIE-EV-BASE-Q1-2026-00142,Log Extract Reference,,REF-465541,OT-Historian-Watch
,CSE-CHARLIE-AST-0027,AVAILABLE,,2026-02-14T03:36:42Z,CSE-CHARLIE-EV-BASE-Q1-2026-00143,Log Extract Reference,,REF-119531,OT-Historian-Watch
,CSE-CHARLIE-AST-0045,AVAILABLE,,2026-03-31T18:57:01Z,CSE-CHARLIE-EV-BASE-Q1-2026-00144,Log Extract Reference,,REF-259956,EDR-Sentinel
,CSE-CHARLIE-AST-0039,AVAILABLE,,2026-03-28T08:48:14Z,CSE-CHARLIE-EV-BASE-Q1-2026-00145,Log Extract Reference,,REF-891220,NIDS-Perimeter
,CSE-CHARLIE-AST-0002,AVAILABLE,,2026-03-15T22:17:18Z,CSE-CHARLIE-EV-BASE-Q1-2026-00146,Log Extract Reference,,REF-716738,OT-Historian-Watch
,CSE-CHARLIE-AST-0058,AVAILABLE,,2026-03-19T12:39:46Z,CSE-CHARLIE-EV-BASE-Q1-2026-00147,Log Extract Reference,,REF-988717,Cloud-Sec-Posture
,CSE-CHARLIE-AST-0065,AVAILABLE,,2026-01-29T10:34:13Z,CSE-CHARLIE-EV-BASE-Q1-2026-00148,Log Extract Reference,,REF-513873,SIEM-Core
,CSE-CHARLIE-AST-0037,AVAILABLE,,2026-01-09T17:47:06Z,CSE-CHARLIE-EV-BASE-Q1-2026-00149,Log Extract Reference,,REF-430011,EDR-Sentinel
,CSE-CHARLIE-AST-0007,AVAILABLE,,2026-03-07T11:06:37Z,CSE-CHARLIE-EV-BASE-Q1-2026-00150,Log Extract Reference,,REF-846866,SIEM-Core
,CSE-CHARLIE-AST-0014,AVAILABLE,,2026-03-03T23:08:57Z,CSE-CHARLIE-EV-BASE-Q1-2026-00151,Log Extract Reference,,REF-801563,IAM-Monitor
,CSE-CHARLIE-AST-0059,AVAILABLE,,2026-02-12T16:59:17Z,CSE-CHARLIE-EV-BASE-Q1-2026-00152,Log Extract Reference,,REF-408524,IAM-Monitor
,CSE-CHARLIE-AST-0055,AVAILABLE,,2026-01-13T02:05:10Z,CSE-CHARLIE-EV-BASE-Q1-2026-00153,Log Extract Reference,,REF-190167,EDR-Sentinel
,CSE-CHARLIE-AST-0025,AVAILABLE,,2026-03-19T13:28:57Z,CSE-CHARLIE-EV-BASE-Q1-2026-00154,Log Extract Reference,,REF-169413,Firewall-Log
,CSE-CHARLIE-AST-0050,AVAILABLE,,2026-03-04T05:56:56Z,CSE-CHARLIE-EV-BASE-Q1-2026-00155,Log Extract Reference,,REF-508649,IAM-Monitor
,CSE-CHARLIE-AST-0005,AVAILABLE,,2026-01-12T19:13:08Z,CSE-CHARLIE-EV-BASE-Q1-2026-00156,Log Extract Reference,,REF-987572,EDR-Sentinel
,CSE-CHARLIE-AST-0065,AVAILABLE,,2026-01-23T22:17:36Z,CSE-CHARLIE-EV-BASE-Q1-2026-00157,Log Extract Reference,,REF-912881,IAM-Monitor
,CSE-CHARLIE-AST-0003,AVAILABLE,,2026-02-24T04:05:53Z,CSE-CHARLIE-EV-BASE-Q1-2026-00158,Log Extract Reference,,REF-221096,Cloud-Sec-Posture
,CSE-CHARLIE-AST-0020,AVAILABLE,,2026-03-24T10:54:16Z,CSE-CHARLIE-EV-BASE-Q1-2026-00159,Log Extract Reference,,REF-831702,IAM-Monitor
,CSE-CHARLIE-AST-0054,AVAILABLE,,2026-03-31T08:34:57Z,CSE-CHARLIE-EV-BASE-Q1-2026-00160,Log Extract Reference,,REF-545622,Firewall-Log
,CSE-CHARLIE-AST-0023,REDACTED,,2026-02-08T16:27:44Z,CSE-CHARLIE-EV-BASE-Q1-2026-00161,Log Extract Reference,,REF-760252,NIDS-Perimeter
,CSE-CHARLIE-AST-0028,AVAILABLE,,2026-03-04T04:51:54Z,CSE-CHARLIE-EV-BASE-Q1-2026-00162,Log Extract Reference,,REF-809559,EDR-Sentinel
,CSE-CHARLIE-AST-0023,AVAILABLE,,2026-02-03T11:11:12Z,CSE-CHARLIE-EV-BASE-Q1-2026-00163,Log Extract Reference,,REF-692565,EDR-Sentinel
,CSE-CHARLIE-AST-0065,AVAILABLE,,2026-03-03T21:40:28Z,CSE-CHARLIE-EV-BASE-Q1-2026-00164,Log Extract Reference,,REF-345288,SIEM-Core
,CSE-CHARLIE-AST-0033,AVAILABLE,,2026-03-08T18:16:38Z,CSE-CHARLIE-EV-BASE-Q1-2026-00165,Log Extract Reference,,REF-161180,Firewall-Log
