asset_id,case_id,remediation_action,remediation_id,remediation_recorded,remediation_reference,remediation_status,remediation_timestamp,remediation_type
CSE-ALPHA-AST-0048,CSE-ALPHA-CASE-Q1-2026-00001,Patch Applied on CSE-ALPHA-AST-0048,CSE-ALPHA-CASE-Q1-2026-00001-REM-02,True,CHG-75504,COMPLETED,2026-03-09T07:06:17Z,Account Disabled
CSE-ALPHA-AST-0055,CSE-ALPHA-CASE-Q1-2026-00002,Network Segmentation Change on CSE-ALPHA-AST-0055,CSE-ALPHA-CASE-Q1-2026-00002-REM-03,True,CHG-39159,COMPLETED,2026-02-03T14:31:56Z,Malware Removed
CSE-ALPHA-AST-0015,CSE-ALPHA-CASE-Q1-2026-00003,Patch Applied on CSE-ALPHA-AST-0015,CSE-ALPHA-CASE-Q1-2026-00003-REM-04,True,CHG-43388,COMPLETED,2026-01-29T19:59:40Z,Network Segmentation Change
CSE-ALPHA-AST-0001,CSE-ALPHA-CASE-Q1-2026-00004,Endpoint Reimaged on CSE-ALPHA-AST-0001,CSE-ALPHA-CASE-Q1-2026-00004-REM-05,True,CHG-43840,COMPLETED,2026-02-21T02:18:26Z,Patch Applied
CSE-ALPHA-AST-0031,CSE-ALPHA-CASE-Q1-2026-00005,Endpoint Reimaged on CSE-ALPHA-AST-0031,CSE-ALPHA-CASE-Q1-2026-00005-REM-06,True,,COMPLETED,2026-02-28T02:20:55Z,Policy Updated
CSE-ALPHA-AST-0038,CSE-ALPHA-CASE-Q1-2026-00007,Policy Updated on CSE-ALPHA-AST-0038,CSE-ALPHA-CASE-Q1-2026-00007-REM-08,True,CHG-50423,COMPLETED,2026-02-13T05:07:55Z,Credential Rotation
CSE-ALPHA-AST-0029,CSE-ALPHA-CASE-Q1-2026-00009,Credential Rotation on CSE-ALPHA-AST-0029,CSE-ALPHA-CASE-Q1-2026-00009-REM-10,True,CHG-73044,COMPLETED,2026-01-16T17:07:07Z,Network Segmentation Change
CSE-ALPHA-AST-0006,CSE-ALPHA-CASE-Q1-2026-00010,Endpoint Reimaged on CSE-ALPHA-AST-0006,CSE-ALPHA-CASE-Q1-2026-00010-REM-11,True,CHG-25389,COMPLETED,2026-03-25T14:20:33Z,Account Disabled
CSE-ALPHA-AST-0047,CSE-ALPHA-CASE-Q1-2026-00011,Patch Applied on CSE-ALPHA-AST-0047,CSE-ALPHA-CASE-Q1-2026-00011-REM-12,True,CHG-14813,COMPLETED,2026-01-07T17:10:04Z,Network Segmentation Change
CSE-ALPHA-AST-0019,CSE-ALPHA-CASE-Q1-2026-00012,Network Segmentation Change on CSE-ALPHA-AST-0019,CSE-ALPHA-CASE-Q1-2026-00012-REM-13,True,CHG-30410,COMPLETED,2026-01-12T11:41:34Z,Access Revoked
CSE-ALPHA-AST-0055,CSE-ALPHA-CASE-Q1-2026-00013,Patch Applied on CSE-ALPHA-AST-0055,CSE-ALPHA-CASE-Q1-2026-00013-REM-14,True,CHG-65120,COMPLETED,2026-02-28T16:25:28Z,Account Disabled
CSE-ALPHA-AST-0051,CSE-ALPHA-CASE-Q1-2026-00015,Configuration Hardening on CSE-ALPHA-AST-0051,CSE-ALPHA-CASE-Q1-2026-00015-REM-16,True,CHG-12710,COMPLETED,2026-04-01T04:34:26Z,Account Disabled
CSE-ALPHA-AST-0004,CSE-ALPHA-CASE-Q1-2026-00019,Access Revoked on CSE-ALPHA-AST-0004,CSE-ALPHA-CASE-Q1-2026-00019-REM-20,True,CHG-54559,COMPLETED,2026-04-01T00:56:34Z,Account Disabled
CSE-ALPHA-AST-0024,CSE-ALPHA-CASE-Q1-2026-00022,Configuration Hardening on CSE-ALPHA-AST-0024,CSE-ALPHA-CASE-Q1-2026-00022-REM-23,True,CHG-74564,COMPLETED,2026-02-16T22:56:48Z,Account Disabled
CSE-ALPHA-AST-0058,CSE-ALPHA-CASE-Q1-2026-00024,Credential Rotation on CSE-ALPHA-AST-0058,CSE-ALPHA-CASE-Q1-2026-00024-REM-25,True,CHG-35544,COMPLETED,2026-03-14T03:57:03Z,Malware Removed
CSE-ALPHA-AST-0054,CSE-ALPHA-CASE-Q1-2026-00025,Malware Removed on CSE-ALPHA-AST-0054,CSE-ALPHA-CASE-Q1-2026-00025-REM-26,True,CHG-60509,COMPLETED,2026-02-02T02:14:30Z,Configuration Hardening
CSE-ALPHA-AST-0036,CSE-ALPHA-CASE-Q1-2026-00026,Configuration Hardening on CSE-ALPHA-AST-0036,CSE-ALPHA-CASE-Q1-2026-00026-REM-27,True,CHG-38845,COMPLETED,2026-02-07T13:08:20Z,Access Revoked
CSE-ALPHA-AST-0026,CSE-ALPHA-CASE-Q1-2026-00027,Configuration Hardening on CSE-ALPHA-AST-0026,CSE-ALPHA-CASE-Q1-2026-00027-REM-28,True,,COMPLETED,2026-01-19T04:41:51Z,Endpoint Reimaged
CSE-ALPHA-AST-0011,CSE-ALPHA-CASE-Q1-2026-00028,Account Disabled on CSE-ALPHA-AST-0011,CSE-ALPHA-CASE-Q1-2026-00028-REM-29,True,CHG-12225,COMPLETED,2026-03-06T20:50:54Z,Policy Updated
CSE-ALPHA-AST-0033,CSE-ALPHA-CASE-Q1-2026-00030,Malware Removed on CSE-ALPHA-AST-0033,CSE-ALPHA-CASE-Q1-2026-00030-REM-31,True,CHG-69740,COMPLETED,2026-03-07T22:44:57Z,Credential Rotation
CSE-ALPHA-AST-0015,CSE-ALPHA-CASE-Q1-2026-00031,Configuration Hardening on CSE-ALPHA-AST-0015,CSE-ALPHA-CASE-Q1-2026-00031-REM-32,True,,COMPLETED,2026-01-16T10:16:53Z,Access Revoked
CSE-ALPHA-AST-0011,CSE-ALPHA-CASE-Q1-2026-00032,Credential Rotation on CSE-ALPHA-AST-0011,CSE-ALPHA-CASE-Q1-2026-00032-REM-33,True,CHG-49868,COMPLETED,2026-01-26T07:46:06Z,Network Segmentation Change
CSE-ALPHA-AST-0011,CSE-ALPHA-CASE-Q1-2026-00036,Malware Removed on CSE-ALPHA-AST-0011,CSE-ALPHA-CASE-Q1-2026-00036-REM-37,True,CHG-61780,COMPLETED,2026-03-18T05:49:18Z,Patch Applied
CSE-ALPHA-AST-0002,CSE-ALPHA-CASE-Q1-2026-00038,Patch Applied on CSE-ALPHA-AST-0002,CSE-ALPHA-CASE-Q1-2026-00038-REM-39,True,CHG-95300,COMPLETED,2026-01-10T10:36:33Z,Account Disabled
CSE-ALPHA-AST-0050,CSE-ALPHA-CASE-Q1-2026-00039,Endpoint Reimaged on CSE-ALPHA-AST-0050,CSE-ALPHA-CASE-Q1-2026-00039-REM-40,True,CHG-31421,COMPLETED,2026-02-10T23:25:08Z,Account Disabled
CSE-ALPHA-AST-0047,CSE-ALPHA-CASE-Q1-2026-00041,Endpoint Reimaged on CSE-ALPHA-AST-0047,CSE-ALPHA-CASE-Q1-2026-00041-REM-42,True,CHG-43028,COMPLETED,2026-02-01T22:44:07Z,Malware Removed
CSE-ALPHA-AST-0034,CSE-ALPHA-CASE-Q1-2026-00045,Access Revoked on CSE-ALPHA-AST-0034,CSE-ALPHA-CASE-Q1-2026-00045-REM-46,True,,COMPLETED,2026-03-01T17:47:06Z,Configuration Hardening
CSE-ALPHA-AST-0030,CSE-ALPHA-CASE-Q1-2026-00046,Malware Removed on CSE-ALPHA-AST-0030,CSE-ALPHA-CASE-Q1-2026-00046-REM-47,True,CHG-31597,COMPLETED,2026-03-22T16:33:03Z,Access Revoked
CSE-ALPHA-AST-0017,CSE-ALPHA-CASE-Q1-2026-00048,Credential Rotation on CSE-ALPHA-AST-0017,CSE-ALPHA-CASE-Q1-2026-00048-REM-49,True,CHG-30555,COMPLETED,2026-02-11T20:42:41Z,Patch Applied
CSE-ALPHA-AST-0043,CSE-ALPHA-CASE-Q1-2026-00049,Endpoint Reimaged on CSE-ALPHA-AST-0043,CSE-ALPHA-CASE-Q1-2026-00049-REM-50,True,CHG-58201,COMPLETED,2026-01-16T04:16:45Z,Patch Applied
CSE-ALPHA-AST-0049,CSE-ALPHA-CASE-Q1-2026-00053,Patch Applied on CSE-ALPHA-AST-0049,CSE-ALPHA-CASE-Q1-2026-00053-REM-54,True,CHG-80810,COMPLETED,2026-02-06T15:26:08Z,Patch Applied
CSE-ALPHA-AST-0024,CSE-ALPHA-CASE-Q1-2026-00054,Malware Removed on CSE-ALPHA-AST-0024,CSE-ALPHA-CASE-Q1-2026-00054-REM-55,True,CHG-98979,COMPLETED,2026-01-03T02:05:00Z,Configuration Hardening
CSE-ALPHA-AST-0013,CSE-ALPHA-CASE-Q1-2026-00055,Malware Removed on CSE-ALPHA-AST-0013,CSE-ALPHA-CASE-Q1-2026-00055-REM-56,True,CHG-61859,COMPLETED,2026-03-05T00:54:16Z,Credential Rotation
CSE-ALPHA-AST-0038,CSE-ALPHA-CASE-Q1-2026-00056,Credential Rotation on CSE-ALPHA-AST-0038,CSE-ALPHA-CASE-Q1-2026-00056-REM-57,True,CHG-60610,COMPLETED,2026-02-10T21:07:34Z,Endpoint Reimaged
CSE-ALPHA-AST-0059,CSE-ALPHA-CASE-Q1-2026-00057,Credential Rotation on CSE-ALPHA-AST-0059,CSE-ALPHA-CASE-Q1-2026-00057-REM-58,True,CHG-18032,COMPLETED,2026-01-18T19:35:04Z,Account Disabled
CSE-ALPHA-AST-0012,CSE-ALPHA-CASE-Q1-2026-00061,Network Segmentation Change on CSE-ALPHA-AST-0012,CSE-ALPHA-CASE-Q1-2026-00061-REM-62,True,,COMPLETED,2026-01-06T01:40:34Z,Malware Removed
CSE-ALPHA-AST-0041,CSE-ALPHA-CASE-Q1-2026-00062,Policy Updated on CSE-ALPHA-AST-0041,CSE-ALPHA-CASE-Q1-2026-00062-REM-63,True,CHG-97352,COMPLETED,2026-02-06T07:18:14Z,Account Disabled
CSE-ALPHA-AST-0034,CSE-ALPHA-CASE-Q1-2026-00063,Account Disabled on CSE-ALPHA-AST-0034,CSE-ALPHA-CASE-Q1-2026-00063-REM-64,True,CHG-57206,COMPLETED,2026-03-02T15:18:39Z,Patch Applied
CSE-ALPHA-AST-0024,CSE-ALPHA-CASE-Q1-2026-00064,Configuration Hardening on CSE-ALPHA-AST-0024,CSE-ALPHA-CASE-Q1-2026-00064-REM-65,True,,COMPLETED,2026-03-22T11:58:21Z,Malware Removed
CSE-ALPHA-AST-0015,CSE-ALPHA-CASE-Q1-2026-00065,Access Revoked on CSE-ALPHA-AST-0015,CSE-ALPHA-CASE-Q1-2026-00065-REM-66,True,,COMPLETED,2026-01-06T20:42:00Z,Configuration Hardening
CSE-ALPHA-AST-0040,CSE-ALPHA-CASE-Q1-2026-00066,Access Revoked on CSE-ALPHA-AST-0040,CSE-ALPHA-CASE-Q1-2026-00066-REM-67,True,CHG-35754,COMPLETED,2026-01-23T22:22:40Z,Policy Updated
CSE-ALPHA-AST-0060,CSE-ALPHA-CASE-Q1-2026-00067,Policy Updated on CSE-ALPHA-AST-0060,CSE-ALPHA-CASE-Q1-2026-00067-REM-68,True,CHG-18088,COMPLETED,2026-01-30T09:09:16Z,Credential Rotation
CSE-ALPHA-AST-0046,CSE-ALPHA-CASE-Q1-2026-00068,Policy Updated on CSE-ALPHA-AST-0046,CSE-ALPHA-CASE-Q1-2026-00068-REM-69,True,,COMPLETED,2026-02-27T12:02:11Z,Network Segmentation Change
CSE-ALPHA-AST-0045,CSE-ALPHA-CASE-Q1-2026-00069,Network Segmentation Change on CSE-ALPHA-AST-0045,CSE-ALPHA-CASE-Q1-2026-00069-REM-70,True,CHG-52321,COMPLETED,2026-03-14T15:25:44Z,Configuration Hardening
CSE-ALPHA-AST-0048,CSE-ALPHA-CASE-Q1-2026-00070,Account Disabled on CSE-ALPHA-AST-0048,CSE-ALPHA-CASE-Q1-2026-00070-REM-71,True,CHG-60225,COMPLETED,2026-03-07T16:52:24Z,Patch Applied
CSE-ALPHA-AST-0004,CSE-ALPHA-CASE-Q1-2026-00071,Network Segmentation Change on CSE-ALPHA-AST-0004,CSE-ALPHA-CASE-Q1-2026-00071-REM-72,True,,COMPLETED,2026-02-03T21:33:03Z,Network Segmentation Change
CSE-ALPHA-AST-0052,CSE-ALPHA-CASE-Q1-2026-00072,Access Revoked on CSE-ALPHA-AST-0052,CSE-ALPHA-CASE-Q1-2026-00072-REM-73,True,CHG-54017,COMPLETED,2026-02-25T10:01:02Z,Policy Updated
CSE-ALPHA-AST-0038,CSE-ALPHA-CASE-Q1-2026-00074,Malware Removed on CSE-ALPHA-AST-0038,CSE-ALPHA-CASE-Q1-2026-00074-REM-75,True,CHG-14136,COMPLETED,2026-02-28T12:19:40Z,Access Revoked
CSE-ALPHA-AST-0030,CSE-ALPHA-CASE-Q1-2026-00076,Credential Rotation on CSE-ALPHA-AST-0030,CSE-ALPHA-CASE-Q1-2026-00076-REM-77,True,CHG-56374,COMPLETED,2026-03-10T02:05:57Z,Access Revoked
CSE-ALPHA-AST-0058,CSE-ALPHA-CASE-Q1-2026-00077,Endpoint Reimaged on CSE-ALPHA-AST-0058,CSE-ALPHA-CASE-Q1-2026-00077-REM-78,True,,COMPLETED,2026-02-28T06:43:13Z,Account Disabled
CSE-ALPHA-AST-0012,CSE-ALPHA-CASE-Q1-2026-00079,Malware Removed on CSE-ALPHA-AST-0012,CSE-ALPHA-CASE-Q1-2026-00079-REM-80,True,,COMPLETED,2026-02-15T22:56:52Z,Patch Applied
CSE-ALPHA-AST-0028,CSE-ALPHA-CASE-Q1-2026-00083,Access Revoked on CSE-ALPHA-AST-0028,CSE-ALPHA-CASE-Q1-2026-00083-REM-84,True,CHG-42815,COMPLETED,2026-03-16T10:35:44Z,Endpoint Reimaged
CSE-ALPHA-AST-0009,CSE-ALPHA-CASE-Q1-2026-00084,Network Segmentation Change on CSE-ALPHA-AST-0009,CSE-ALPHA-CASE-Q1-2026-00084-REM-85,True,CHG-12965,COMPLETED,2026-03-25T03:51:01Z,Patch Applied
CSE-ALPHA-AST-0009,CSE-ALPHA-CASE-Q1-2026-00085,Access Revoked on CSE-ALPHA-AST-0009,CSE-ALPHA-CASE-Q1-2026-00085-REM-86,True,CHG-96613,COMPLETED,2026-03-18T12:55:06Z,Network Segmentation Change
CSE-ALPHA-AST-0053,CSE-ALPHA-CASE-Q1-2026-00086,Malware Removed on CSE-ALPHA-AST-0053,CSE-ALPHA-CASE-Q1-2026-00086-REM-87,True,CHG-76184,COMPLETED,2026-02-11T17:57:40Z,Malware Removed
CSE-ALPHA-AST-0057,CSE-ALPHA-CASE-Q1-2026-00088,Access Revoked on CSE-ALPHA-AST-0057,CSE-ALPHA-CASE-Q1-2026-00088-REM-89,True,,COMPLETED,2026-03-31T16:50:00Z,Credential Rotation
CSE-ALPHA-AST-0053,CSE-ALPHA-CASE-Q1-2026-00089,Account Disabled on CSE-ALPHA-AST-0053,CSE-ALPHA-CASE-Q1-2026-00089-REM-90,True,,COMPLETED,2026-02-04T14:47:42Z,Credential Rotation
